seq,BLAST_Match,BLAST_Notes,domain,phylum,class,order,family,genus,species,asv_id,blast_genus,tree_order,tree_corrected,changed
CAATAGCGTATATTAAAGTTGTTGCAGTTAAAAAGCTCGTAGTTGGATTTGTGGCTTGCTGGATGGTCCGATTGTCGGTACCGTTGCGGTGTGCCATCCTTGGGTGGAGCCAGTGGGGCATTAGGTTGTCGTGCTGGGGATGCCCATCGTTTACTGTGAAAAAATCAGCGCGTTCAAAGCAGGCTTACGCCGTTGAATGT,uncultured,2nd best Planothidium caputium,Eukaryota,Ochrophyta,Diatomea,Bacillariophytina,Bacillariophyceae,Bacillariophyceae,Bacillariophyceae,asv290,Planothidium,Achnanthales,Achnanthales,yes
CAATAGCGTATATTAAAGTTGTTGCAGTTAAAAAGCTCGTAGTTGGATTTGTGGTGGCGCGTGAGGCCCGCATTGTCGGTGCCGTCGCGTGCTGCCATCCTTGGGTGGAACTTGTGTGGCATTAGGTTGTCGCGCTTGGGATGCCCATCGTTTACTGTGAAAAAATCAGCGCGTTCAAAGCAGGCTTATGCCGTTGAATG,Achnanthidium,,Eukaryota,Ochrophyta,Diatomea,Bacillariophytina,Bacillariophyceae,Bacillariophyceae,Bacillariophyceae,asv407,Achnanthidium,Achnanthales,Achnanthales,yes
CAATAGCGTATATTAAAGTTGTTGCAGTTAAAAAGCTCGTAGTTGGATTTGTGGCTTGCTGCATGGTCCGATTGTCGGTACCGTTGCGGTGTGCCATCCTTGGGTGGAGCCAGTGGGGCATTAGGTTGTCGTGCTGGGGATGCCCATCGTTTACTGTGAAAAAATCAGCGCGTTCAAAGCAGGCTTACGCCGTTGAATGT,uncultured,2nd best Planothidium caputium,Eukaryota,Ochrophyta,Diatomea,Bacillariophytina,Bacillariophyceae,Bacillariophyceae,Bacillariophyceae,asv9,Planothidium,Achnanthales,Achnanthales,yes
CAATAGCGTATATTAAAGTTGTTGCAGTTAAAAAGCTCGTAGTTGGATTTGTGGCGGCTCGTGAGGTCCAATTTTGGTACTATCGGGAGCTGCCATCCTTGGGTGGAACCTGTGTGGCATTAGGTTGTCGCGCTGGGGATGCCCATCGTTTACTGTGAAAAAATCAGCGCGTTCAAAGCAGGCTTATGCCGTTGAATGTA,,,Eukaryota,Ochrophyta,Diatomea,Bacillariophytina,Bacillariophyceae,Achnanthidium,Achnanthidium,asv1050,,Achnanthales,Achnanthidium,
CAATAGCGTATATTAAAGTTGTTGCAGTTAAAAAGCTCGTAGTTGGATTTGTGGTCGCACGTGCGGTCCAATTTTGGTACTATCGCGTGTGGCCATCCTTGGGTGGAAGCTGCGTGGCATTAAGTTGTCGTGCAGGGGATGCCCATCGTTTACTGTGAAAAAATCAGCGCGTTCAAAGCAGG,,,Eukaryota,Ochrophyta,Diatomea,Bacillariophytina,Bacillariophyceae,Achnanthidium,Achnanthidium,asv109,,Achnanthales,Achnanthidium,
CAATAGCGTATATTAAAGTTGTTGCAGTTAAAAAGCTCGTAGTTGGATTTGTGGTGGCACGTGCGGTCCAATTTTGGTACTATCGCGTGTCGCCATCCTTGGGTGGAATCTGTGTGGCATTAAGTTGTCGTGCAGGGGATGCCCATCGTTTACTGTGAAAAAATCAGCGCGTTCAAAGCAGGCTTATGCCGTTGAATGTA,,,Eukaryota,Ochrophyta,Diatomea,Bacillariophytina,Bacillariophyceae,Achnanthidium,Achnanthidium,asv194,,Achnanthales,Achnanthidium,
CAATAGCGTATATTAAAGTTGTTGCAGTTAAAAAGCTCGTAGTTGGATTTGTGGTCGCACGTGCGGTCCAATTTTGGTACTATCGCGTGTGGCCATCCTTGGGTGGAAGCTGTGTGGCATTAAGTTGTCGTGCAGGGGATGCCCATCGTTTACTGTGAAAAAATCAGCGCGTTCAAAGCAGG,,,Eukaryota,Ochrophyta,Diatomea,Bacillariophytina,Bacillariophyceae,Achnanthidium,Achnanthidium,asv275,,Achnanthales,Achnanthidium,
CAATAGCGTATATTAAAGTTGTTGCAGTTAAAAAGCTCGTAGTTGGATTTGTGGTGGCACGCGCGGTCCAATTTTGGTACTATCGTGTGTCGCCATCCTTGGGTGGAACCTGTGTGGCATTAAGTTGTCGTGCTGGGGATGCCCATCGTTTACTGTGAAAAAATCAGCGCGTTCAAAGCAGGCTTATGCCGTTGAATGTA,,,Eukaryota,Ochrophyta,Diatomea,Bacillariophytina,Bacillariophyceae,Achnanthidium,Achnanthidium,asv293,,Achnanthales,Achnanthidium,
CAATAGCGTATATTAAAGTTGTTGCAGTTAAAAAGCTCGTAGTTGGATTTGTGGTGGCATGCGCGGTCCAATTTTGGTACTATCGTGTGTCGCCATCCTTGGGTGGAACCTGTGTGGCATTAAGTTGTCGTGCTGGGGATGCCCATCGTTTACTGTGAAAAAATCAGCGCGTTCAAAGCAGGCTTATGCCGTTGAATGTA,,,Eukaryota,Ochrophyta,Diatomea,Bacillariophytina,Bacillariophyceae,Achnanthidium,Achnanthidium,asv499,,Achnanthales,Achnanthidium,
CAATAGCGTATATTAAAGTTGTTGCAGTTAAAAAGCTCGTAGTTGGATTTGTGGTGGCACGTGGGGTCCAATTTTGGTACTATCGTGTGTCACCATCCTTGGGTGGAATCTGTGTGGCATTAAGTTGTCGTGCAGGGGATGCCCATCGTTTACTGTGAAAAAATCAGCGCGTTCAAAGCAGG,,,Eukaryota,Ochrophyta,Diatomea,Bacillariophytina,Bacillariophyceae,Achnanthidium,Achnanthidium,asv893,,Achnanthales,Achnanthidium,
CAATAGCGTATATTAAAGTTGTTGCAGTTAAAAAGCTCGTAGTTGGATTTGTGGTCTACTGCATGGTCCGATTTTCGGTACTGTTGCGGTGTGCCATCCTTGGGTGGAGCCAGTGGGGCATTAGGTTGTCATGCTGGGGAAACCCATCGTTTACTGTGAAAAAATCAGCGCGTTCAAAGCAGGCTTATGCCGTTGAATGT,uncultured,2nd best Cocconeis,Eukaryota,Ochrophyta,Diatomea,Bacillariophytina,Bacillariophyceae,Bacillariophyceae,Bacillariophyceae,asv10,Cocconeis,Achnanthales,CocconeisSisterGroup,yes
CAATAGCGTATATTAAAGTTGTTGTAGTTAAAAAGCTCGTAGTTGGATTTGTGGCTTGCTGCATGGTCCGATTTTCGGTACCGTTGCGGTGTGCCATCCTTGGGTGGAGCCAGTGGGGCATTAGGTTGTCGTGCTGGGGATGCCCATCGTTTACTGTGAAAAAATCAGCGCGTTCAAAGCAG,uncultured,2nd best cocconeis,Eukaryota,Ochrophyta,Diatomea,Bacillariophytina,Bacillariophyceae,Bacillariophyceae,Bacillariophyceae,asv190,Cocconeis,Achnanthales,CocconeisSisterGroup,yes
CAATAGCGTATATTAAAGTTGTTGCAGTTAAAAAGCTCGTAGTTGGATTTGTGGCTTGCTGCATGGTCCGATTTTTGGTACCGTTGCGGTGTGCCATCCTTGGGTGGAGCCAGTGGGGAATTAGGTTGTTGTGCTGGGGATACCCATCGTTTACTGTGAAAAAATCAGCGCGTTCAAAGCAGGCTTACGCCGTTGAATGT,uncultured,2nd best cocconeis,Eukaryota,Ochrophyta,Diatomea,Bacillariophytina,Bacillariophyceae,Bacillariophyceae,Bacillariophyceae,asv192,Cocconeis,Achnanthales,CocconeisSisterGroup,yes
CAATAGCGTATATTAAAGTTGTTGCAGTTAAAAAGCTCGTAGTTGGATTTGTGGTCTACTGCATGGTCCGATTTTCGGTACTGTTGCGGTGTGCCATCCTTGGGTGGAGCTAGTGGGGCATTAGGTTGTCATGCTAGGGATACCCATCGTTTACTGTGAAAAAATCAGCGCGTTCAAAGCAGGCTTATGCCGTTGAATGT,uncultured,2nd best cocconeis,Eukaryota,Ochrophyta,Diatomea,Bacillariophytina,Bacillariophyceae,Bacillariophyceae,Bacillariophyceae,asv198,Cocconeis,Achnanthales,CocconeisSisterGroup,yes
CAATAGCGTATATTAAAGTTGTTGCAGTTAAAAAGCTCGTAGTTGGATTTGTGGTCTACTGCATGGTCCGATTTTCGGTACTGTTGCGGTGTGCCATCCTTGGGTGGAGCCAGTGGGGCATTAGGTTGTCATGCTGGGGATACCCATCGTTTACTGTGAAAAAATCAGCGCGTTCAAAGCAGGCTTATGCCGTTGAATGT,uncultured,2nd best cocconeis,Eukaryota,Ochrophyta,Diatomea,Bacillariophytina,Bacillariophyceae,Bacillariophyceae,Bacillariophyceae,asv2,Cocconeis,Achnanthales,CocconeisSisterGroup,yes
CAATAGCGTATATTAAAGTTGTTGCAGTTAAAAAGCTCGTAGTTGGATTTGTGGCTTGCTGCATGGTCCGATTTTCGGTACCGTTGCGGTGTGCCATCCTTGGGTGGAGCCAGTGGGGCATTAGGTTGTCGTGCTGGGGATGCCCATCGTTTACTGTGAAAAAATCAGCGCGTTCAAAGCAGGCTTACGCCGTTGAATGT,uncultured,2nd best cocconeis,Eukaryota,Ochrophyta,Diatomea,Bacillariophytina,Bacillariophyceae,Bacillariophyceae,Bacillariophyceae,asv3,Cocconeis,Achnanthales,CocconeisSisterGroup,yes
CAATAGCGTATATTAAAGTTGTTGCAGTTAAAAAGCTCGTAGTTGGATTTGTGGCCTGCCGTATGGTCCAATTTTTGGTACTGTTGCGGCGTGTCATCCTTGGGTGAATTCAGTGTGGCATTAGGTTGTCGTGTTGGAGATGCCCATCATTTACTGTGAAAAAATCAGCGCGTTCAAAGCAGGCTTTTGCCGTTGAATGT,Cocconeis stauroneisformis,,Eukaryota,Ochrophyta,Diatomea,Bacillariophytina,Bacillariophyceae,Bacillariophyceae,Bacillariophyceae,asv343,Cocconeis,Achnanthales,CocconeisSisterGroup,yes
CAATAGCGTATATTAAAGTTGTTGCAGTTAAAAAGCTCGTAGTTGGATTTGTGGCTTGCTGCATGGTCCGATTTTCGGTACCGTTGCGGTGTGCCATCCGTGCGCAACGCACCCCCCGGAACCCCGGTGTTCATGTTGGGTGGAGCCAGTGGGGCATTAGGTTGTCGTGCTGGGGATGCCCATCGTTTACTGTGAAAAAA,uncultured,2nd best cocconeis,Eukaryota,Ochrophyta,Diatomea,Diatomea,Diatomea,Diatomea,Diatomea,asv627,Cocconeis,Achnanthales,CocconeisSisterGroup,yes
CATTAGCGTATATTAACGTTGTTGCAGTTAAAAAGCTCGTAGTTGGATTTGTGGATGGTTGCGGTGTTCCCTTTTTGGGATACGTCTGCACCTGTCCAGTTTTTGGGTGGAGCCTGTGTGGCATTAGGTTGTCGTGCAGGGGATGCCCATCGTTTACTGTGAGAAAATCAGCGCGTTCAAAG,Cocconeidaceae sp,,Eukaryota,Ochrophyta,Diatomea,Bacillariophytina,Bacillariophyceae,Bacillariophyceae,Bacillariophyceae,asv761,Cocconeidaceae,Achnanthales,CocconeisSisterGroup,yes
CAATAGCGTATATTAAAGTTGTTGCAGTTAAAAAGCTCGTAGTTGGATTTGTGACGCGCTATGCAGTCCACTCTTGGTGCTGGTGTGGTGTGTCATCCTTGGATAGATCTCTTGTGGCATTAGGTTGTCGCAATTGAAATGTTCATCATTTACTGTGAGAAAATCAGCGCGTTCAAAGCAGGCATTTGCCGTTGAATGTA,Cocconeis stauroneisformis,,Eukaryota,Ochrophyta,Diatomea,Bacillariophytina,Bacillariophyceae,Bacillariophyceae,Bacillariophyceae,asv777,Cocconeis,Achnanthales,CocconeisSisterGroup,yes
CAATAGCGTATATTAAAGTTGTTGTAGTTAAAAAGCTCGTAGTTGGATTTGTGGTCTACTGCATGGTCCGATTTTCGGTACTGTTGCGGTGTGCCATCCTTGGGTGGAGCCAGTGGGGCATTAGGTTGTCATGCTGGGGATACCCATCGTTTACTGTGAAAAAATCAGCGCGTTCAAAGCAG,uncultured,2nd best cocconeis,Eukaryota,Ochrophyta,Diatomea,Bacillariophytina,Bacillariophyceae,Bacillariophyceae,Bacillariophyceae,asv95,Cocconeis,Achnanthales,CocconeisSisterGroup,yes
CAATAGCGTATATTAAAGTTGTTGCAGTTAAAAAGCTCGTAGTTGGATTTGTGGCCTGCTGCATGGTCCAATTTTGGTACCGTTGCGGCGTGTCATCCTTGGGTGGATCCAGCGTGGCATTAGGTTGTCGTGTTGGAGATGCCCATCGTTTACTGTGAAAAAATCAGCGCGTTCAAAGCAGGCTTCCGCCGTTGAATGTA,Cocconeis stauroneisformis,,Eukaryota,Ochrophyta,Diatomea,Bacillariophytina,Bacillariophyceae,Bacillariophyceae,Bacillariophyceae,asv96,Cocconeis,Achnanthales,CocconeisSisterGroup,yes
CAATAGCGTATATTAAAGTTGTTGCAGTTAAAAAGCTCGTAGTTGGATTTGTGGCCGTCGCGTGCGGCGTGACACTTAGTGTTATCGCTTGCTTGCGTCGCCATCCTTGGGTGGAACCTGTGTGGCATTAGGTTGTCGTGCAGGGGATGCCCATCATTTACTGTGAAAAAATTAGAGTGTTC,,,Eukaryota,Ochrophyta,Diatomea,Bacillariophytina,Bacillariophyceae,Bacillaria,Bacillaria,asv140,,Bacillariales,Bacillaria,
CAATAGCGTATATTAAAGTTGTTGCAGTTAAAAAGCTCGTAGTTGGATTTGTGGTGTATGAAGGCGGCCCGTCACATTGTGATGGTGTTTGCCTTTGTCGCCATCCTTGGGTGGATCCTGTGTGGCATTAAGTTGTCGTGCAGGGGATGCCCATCGTTTACTGTGAAAAAATTAGAGTGTTCAAAGCAGGCTTATGCCGT,,,Eukaryota,Ochrophyta,Diatomea,Bacillariophytina,Bacillariophyceae,Cylindrotheca,Cylindrotheca,asv165,,Bacillariales,Cylindrotheca,
CAATAGCGTATATTAAAGTTGTTGCAGTTAAAAAGCTCGTAGTTGGATTTGTGGTGTACTTCGGCGGCCCGTCACTATGTGATGGAGCTTGCTGAAGTCGCCATCCTTGGGTGGATCCTGTGTGGCATTAAGTTGTCGTGCAGGGGATGCCCATCGTTTACTGTGAAAAAATTAGAGTGTTCAAAGCAGGCTTATGCCGT,,,Eukaryota,Ochrophyta,Diatomea,Bacillariophytina,Bacillariophyceae,Cylindrotheca,Cylindrotheca,asv27,,Bacillariales,Cylindrotheca,
CAATAGCGTATATTAAAGTTGTTGCAGTTAAAAAGCTCGTAGTTGGATTTGTGGTGTACTTCGGCGGCCTGTCACTATGTGATAGAGCTTGCTGAAGTCGCCATCCTTGGGTGGATCCTGTGTGGCATTTAGTTGTCGTGCAGGGGATGCCCATCGTTTACTGTGAAAAAATTAGAGTGTTCAAAGCAGGCTTATGCCGT,,,Eukaryota,Ochrophyta,Diatomea,Bacillariophytina,Bacillariophyceae,Cylindrotheca,Cylindrotheca,asv455,,Bacillariales,Cylindrotheca,
CAATAGCGTATATTAAAGTTGTTGCAGTTAAAAAGCTCGTAGTTGGATTTGTGGTGTATGCAGGCGGCCCGTCACAATGTGATGGAGCTTGCTTGCGTCGCCATCCTTGGGTGGATCCTGTGTGGCATTAAGTTGTCGCGCAGGGGATGCCCATCGTTTACTGTGAAAAAATTAGAGTGTTCAAAGCAGGCTTATGCCGT,,,Eukaryota,Ochrophyta,Diatomea,Bacillariophytina,Bacillariophyceae,Cylindrotheca,Cylindrotheca,asv589,,Bacillariales,Cylindrotheca,
CAATAGCGTATATTAAAGTTGTTGCAGTTAAAAAGCTCGTAGTTGGATTTGTGGCGTGTGGCGAGCTCCGGGCCCTAGTGGTCTGTGCAGTTCGCCGCTGCCATCCTTGGGTGGAACCTGTGTGGCATTAGGTTGTCGTGCAGGGGATGCCCATCGTTTACTGTGAAAAAATTAGAGTGTTC,,,Eukaryota,Ochrophyta,Diatomea,Bacillariophytina,Bacillariophyceae,Navicula,Navicula,asv259,,Bacillariales,Navicula,
CAATAGCGTATATTAAAGTTGTTGCAGTTAAAAAGCTCGTAGTTGGATTTGTGGCTGTCTCGACCGGCCTGGCACTTAGTGCTGGCGTTTGGTTGAGTCGCCATCCTTGGGTGGAACCTGTGTGGCATTAGGTTGTCGTGCAGGGGATGCCCATCGTTTACTGTGAAAAAATTAGAGTGTTCAAAGCAGGCTTATGCCGT,uncultured,5th best Nitzschia,Eukaryota,Ochrophyta,Diatomea,Bacillariophytina,Bacillariophyceae,Bacillariophyceae,Bacillariophyceae,asv114,Nitzschia,Chaetocerotales,Attheya,yes
CAATAGCGTATATTAAAGTTGTTGCAGTTAAAAAGCTCGTAGTTGGATTTGTGGCTGTCGCGTGCGGCCTGACACATTGTGTTAGTGTTTGCTTGCGTCGCCATCCTTGGGTGGAACCTGTGTGGCATTAGGTTGTCGTGCAGGGGATGCCCATCGTTTACTGTGAAAAAATTAGAGTGTTC,,,Eukaryota,Ochrophyta,Diatomea,Bacillariophytina,Bacillariophyceae,Nitzschia,Nitzschia,asv131,,Bacillariales,Nitzschia,
CAATAGCGTATATTAAAGTTGTTGCAGTTAAAAAGCTCGTAGTTGGATTTGTGGTGTGTCCTGTCGGTCCGTGGGCTCAGCCTGCGTGTCTGTACGGGTCCGCCTTTCATGGGACTGTTGGCTTTGTGGCATTAGGTTGTCGCATTGTTGATGCCCATCTTTTACTGTGAAAAAATTAGAGT,,,Eukaryota,Ochrophyta,Diatomea,Bacillariophytina,Bacillariophyceae,Nitzschia,Nitzschia,asv153,,Bacillariales,Nitzschia,
CAATAGCGTATATTAAAGTTGTTGCAGTTAAAAAGCTCGTAGTTGGATTTGTGGCAGTCGCGTGCGGCCCGGCATTCGTGCCGGTGCTTGCTAGCGTCGCCATCCTTGGGTGGAACCTGTGTGGCATTAGGTTGTCGTGCAGGGGATGCCCATCGTTTACTGTGAAAAAATTAGAGTGTTCAAAGCAGGCTTATGCCGTT,,,Eukaryota,Ochrophyta,Diatomea,Bacillariophytina,Bacillariophyceae,Nitzschia,Nitzschia,asv206,,Bacillariales,Nitzschia,
CAATAGCGTATATTAAAGTTGTTGCAGTTAAAAAGCTCGTAGTTGGATTTGTGGTGTGTCCTGTCGGTCCATTGGCTCAGCCAGTGTGTCTGTACGGGTCTGCCTTTCATGGGACTGTTGGCTTTGTGGCATTAGGTTGTCGCATTGTTGATGCCCATCTTTTACTGTGAAAAAATTAGAGT,,,Eukaryota,Ochrophyta,Diatomea,Bacillariophytina,Bacillariophyceae,Nitzschia,Nitzschia,asv210,,Bacillariales,Nitzschia,
CAATAGCGTATATTAAAGTTGTTGCAGTTAAAAAGCTCGTAGTTGGATTTGTGGCTGTCGCTAGCGGCCTATCACCTAGTGTTAGTGCTTGCGGGCGTCGCCATCCTTGGGTGGAGCCTGCGTGGCATTAGGTTGTCGTGCAGGGGATGCCCATCGTTTACTGTGAGAAAATTAGAGTGTTCAAAGCAGGCTTATGCCGT,,,Eukaryota,Ochrophyta,Diatomea,Bacillariophytina,Bacillariophyceae,Nitzschia,Nitzschia,asv226,,Bacillariales,Nitzschia,
CAATAGCGTATATTAAAGTTGTTGCAGTTAAAAAGCTCGTAGTTGGATTTGTGGCTGTCGCTAGCGGCCTATCACCTAGTGTTAGTGCTTGCTGGCGTCGCCATCCTTGGGTGGAGCCTGCGTGGCATTAGGTTGTCGTGCAGGGGATGCCCATCGTTTACTGTGAGAAAATTAGAGTGTTCAAAGCAGGCTTATGCCGT,,,Eukaryota,Ochrophyta,Diatomea,Bacillariophytina,Bacillariophyceae,Nitzschia,Nitzschia,asv23,,Bacillariales,Nitzschia,
CAATAGCGTATATTAAAGTTGTTGCAGTTAAAAAGCTCGTAGTTGGATTTGTGGCTGTCGCTAGCGGCCTATCACTTAGTGTTAGCGTTTGCTGGCGTCGCCATCCTTGGGTGGAGCCTGTGTGGCATTAGGTTGTCGTGCAGGGGATGCCCATCGTTTACTGTGAGAAAATTAGAGTGTTCAAAGCAGGCTTATGCCGT,,,Eukaryota,Ochrophyta,Diatomea,Bacillariophytina,Bacillariophyceae,Nitzschia,Nitzschia,asv256,,Bacillariales,Nitzschia,
CAATAGCGTATATTAAAGTTGTTGCAGTTAAAAAGCTCGTAGTTGGATTTGTGGTGTGTCCTGTCGGTCCACTGGTTTAACCAGTGTGTCTGTACGGGTCTGCCTTTCATGGGATTGTTGGCTTTGTGGCATTAGGTTGTCGCATTGTTGATGCCCATCTTTTACTGTGAAAAAATTAGAGT,,,Eukaryota,Ochrophyta,Diatomea,Bacillariophytina,Bacillariophyceae,Nitzschia,Nitzschia,asv258,,Bacillariales,Nitzschia,
CAATAGCGTATATTAAAGTTGTTGCAGTTAAAAAGCTCGTAGTTGGATTTGTGGCTGTCGCGTGCGGCCTGACACATAGTGTTAGTGTTTGCTTGCGTCGCCATCCTTGGGTGGAACCTGTGTGGCATTAGGTTGTCGTGCAGGGGATGCCCATCGTTTACTGTGAAAAAATTAGAGTGTTCAAAGCAGGCTTATGCCGT,,,Eukaryota,Ochrophyta,Diatomea,Bacillariophytina,Bacillariophyceae,Nitzschia,Nitzschia,asv362,,Bacillariales,Nitzschia,
CAATAGCGTATATTAAAGTTGTTGCAGTTAAAAAGCTCGTAGTTGGATTTGTGGTGTGTCCTGTCGGTGAGTCGGCTTAGCCTTCTCTGCTGTACGGGTCCACCTTTTATGGGATTGTTGGCTTTGTGGCATTAAGTTGTCGCATTGTCGGTGCCCATCTTTTACTGTGAAAAAATCGGAGT,Diatom endosymbiont ex foraminifera,,Eukaryota,Ochrophyta,Diatomea,Diatomea,Diatomea,Diatomea,Diatomea,asv431,Ochrophyta,Bacillariales,Nitzschia,
CAATAGCGTATATTAAAGTTGTTGCAGTTAAAAAGCTCGTAGTTGGATTTGTGGCTGTCGCCTGCGACCCGGCATTCGTGCCGGTGTTTGCTAGCGTCGCCATCCTTGGGTGGAATCTGTGTGGCATTAGGTTGTCGTGCAGGGGATGCCCATCATTTACTGTGAAAAAATTAGAGTGTTCA,,,Eukaryota,Ochrophyta,Diatomea,Bacillariophytina,Bacillariophyceae,Nitzschia,Nitzschia,asv779,,Bacillariales,Nitzschia,
CAATAGCGTATATTAAAGTTGTTGCAGTTAAAAAGCTCGTAGTTGGATTTGTGGTGGTTTTTGGGGTCCGATTTTGGTGCCATTAAAAACCACCATCCTTGGGTGGAATCTGTGTGGCATTAGGTTGTCGTGCAGGGGATGCCCATCGTTTACTGTGAAAAAATCAGCGCGTTCAAAGCAGGCTTATGCTGTTGAATGTA,Dickieia ulvacea,,Eukaryota,Ochrophyta,Diatomea,Bacillariophytina,Bacillariophyceae,Bacillariophyceae,Bacillariophyceae,asv337,Dickieia,Bacillariophyceae,Bacillariophyceae,
CAATAGCGTATATTAAAGTTGTTGCAGTTAAAAAGCTCGTAGTTTTATTTGTGGTGGCATTCAAGGTCCAATATTTGGTACTATTGAAAGCTGCCATCTTTGGGTGGAACTTGTGTGGCATTAGGTTGTCATGTAAGGGGTGCCCATCGTTTACTGTGAAAAAATCAGCGCGTTTAAAGCAGGCTTATGCTGTTGAATGT,Psammothidium papilio,,Eukaryota,Ochrophyta,Diatomea,Bacillariophytina,Bacillariophyceae,Bacillariophyceae,Bacillariophyceae,asv73,Psammothidium,Bacillariophyceae,Bacillariophyceae,
CAATAGCGTATATTAAAGTTGTTGCAGTTAAAAAGCTCGTAGTTGGATTTGTGGTGGCCGCCGCGGTCCCGGCATTGTCCGGGCACTACCGGTGGCTGCCATCCTTGGGTGGAATCTGTGTGGCATTAGGTTGTCGTGCAGGGGATGCCCATCGTTTACTGTGAAAAAATCAGCGCGTTCAA,Planothidium sp.,,Eukaryota,Ochrophyta,Diatomea,Bacillariophytina,Bacillariophyceae,Bacillariophyceae,Bacillariophyceae,asv810,Planothidium,Bacillariophyceae,Bacillariophyceae,
CAATAGCGTATATTAAAGTTGTTGCAGTTAAAAAGCTCGTAGTTGGATTTGTGGCTGTCGCTCGCTTTTCTTCACTTAGTGTTGAACTAGTGTTGCGTCGCCATCCTTGGGTGGAACTTGTGTGGCATTAGGTTGTCGTGCAGGGGATGCCCATCGTTTACTGTGAAAAAATTAGAGTGTTCAAAGCAGGCTTATGCCGT,uncultured,2nd best Nitzschia,Eukaryota,Ochrophyta,Diatomea,Bacillariophytina,Bacillariophyceae,Bacillariophyceae,Bacillariophyceae,asv191,Nitzschia,Naviculales,Navicula,
CAATAGCGTATATTAAAGTTGTTGCAGTTAAAAAGCTCGTAGTTGGATTTGTGGCTGTCGCGTGCCTTTCTTCATTTTTGATGTTGAAATGGTGTTGCGTCGCCATCCTTGGGTGGAGCCTGTGTGGCATTAGGTTGTCGTGCAGGGGATGCCCATCGTTTACTGTGAAAAAATTAGAGTGTTCAAAGCAGGCTTATGCC,uncultured,2nd best Nitzschia,Eukaryota,Ochrophyta,Diatomea,Bacillariophytina,Bacillariophyceae,Bacillariophyceae,Bacillariophyceae,asv326,Nitzschia,Bacillariophyceae,Bacillariophyceae,
CAATAGCGTATATTAAAGTTGTTGCAGTTAAAAAGCTCGTAGTTGGATTTGTGGCTGTCGCTCGCTTTTCTTCACTTGTTGTTGAATATGTGTTGCGTCGCCATCCTTGGGTGGAACTTGTGTGGCATTAGGTTGTCGTGCAGGGGATGCCCATCGTTTACTGTGAAAAAATTAGAGTGTTC,uncultured,3rd best Nitzschia,Eukaryota,Ochrophyta,Diatomea,Bacillariophytina,Bacillariophyceae,Bacillariophyceae,Bacillariophyceae,asv401,Nitzschia,Bacillariophyceae,Bacillariophyceae,
CAATAGCGTATATTAAAGTTGTTGCAGTTAAAAAGCTCGTAGTTGGATTTGTGGTTGTCGTTACTGGTTCTTCACTATTTTGGTGTTGAGCTGTGTTAGCGTCGCCATCCTTGGGTGGATCCTGTGTGGCATTAGGTTGTCGTGCAGGGGATGCCCATCGTTTACTGTGAAAAAATTAGAGTGTTCAAAGCAGGCTTATG,Nitzschia spathulata†,,Eukaryota,Ochrophyta,Diatomea,Bacillariophytina,Bacillariophyceae,Bacillariophyceae,Bacillariophyceae,asv489,Nitzschia,Naviculales,Pleurosigma,
CAATAGCGTATATTAAAGTTGTTGCAGTTAAAAAGCTCGTAGTTGGATTTGTGGCTGTCACGGGCGGTGCTTCACATTGTGTTGCAGTTGCTGGTGTCGCCATCCTTGGGTGGATCCTGTGTGGCATTAGGTTGTCGTGCAGGGGATGCCCATCGTTTACTGTGAAAAAATTAGAGTGTTCAAAGCAGGCTTATGCCGTT,Nitzschia schefterae,,Eukaryota,Ochrophyta,Diatomea,Bacillariophytina,Bacillariophyceae,Bacillariophyceae,Bacillariophyceae,asv599,Nitzschia,Bacillariophyceae,Bacillariophyceae,
CAATAGCGTATATTAAAGTTGTTGCAGTTAAAAAGCTCGTAGTTGGATTTGTGGCTGTCGCGTGCCTTTCTTCATTTTTGATGTTGTTTGGGTGTTGCGTCGCCATCCTTGGGTGGAGCCTGTGTGGCATTAGGTTGTCGTGCAGGGGATGCCCATCGTTTACTGTGAAAAAATTAGAGTGTTCAAAGCAGGCTTATGCC,Nitzschia dissipata,,Eukaryota,Ochrophyta,Diatomea,Bacillariophytina,Bacillariophyceae,Bacillariophyceae,Bacillariophyceae,asv606,Nitzschia,Bacillariophyceae,Bacillariophyceae,
CAATAGCGTATATTAAAGTTGTTGCAGTTAAAAAGCTCGTAGTTGGATTTGTGGCTGTCGCGTGCGGCCTGACACTTAGTGTTAGCGTTTGCTTGCGTCGCCATCCTTGGGTGGAACCTGTGTGGCATTAGGTTGTCGTGCAGGGGATGCCCATCGTTTACTGTGAAAAAATTAGAGTGTTC,Nitzschia paleaeformis†,,Eukaryota,Ochrophyta,Diatomea,Bacillariophytina,Bacillariophyceae,Bacillariophyceae,Bacillariophyceae,asv685,Nitzschia,Bacillariophyceae,Bacillariophyceae,
CAATAGCGTATATTAAAGTTGTTGCAGTTAAAAAGCTCGTAGTTGGATTTGTGGCTGTCTCGAGCGGCCTGGCACTTAGTGCTAGCGTTTGTTTGAGTCGCCATCCTTGGGTGGAACCTGTGTGGCATTAGGTTGTCGTGCAGGGGATGCCCATCGTTTACTGTGAAAAAATTAGAGTGTTCAAAGCAGGCTTATGCCGT,uncultured,4th best Nitzschia,Eukaryota,Ochrophyta,Diatomea,Bacillariophytina,Bacillariophyceae,Bacillariophyceae,Bacillariophyceae,asv764,Nitzschia,Naviculales,Navicula,
CAATAGCGTATATTAAAGTTGTTGCAGTTAAAAAGCTCGTAGTTGGATTTGTGGCTTTCGCGTGCGGCCCGACACTCTGTGTTGGTGCCTGCCCGCGTTGCCATCCTTGGGTGGAACCTGTGTGGCATTAGGTTGTCGTACAGGGGATGCCCATCGTTTACTGTGAAAAAATTAGAGTGTTCAAAGCAGGCTTATGCCGT,uncultured,9th best Nitzschia,Eukaryota,Ochrophyta,Diatomea,Bacillariophytina,Bacillariophyceae,Bacillariophyceae,Bacillariophyceae,asv778,Nitzschia,Bacillariophyceae,Bacillariophyceae,
CAATAGCGTATATTAAAGTTGTTGCAGTTAAAAAGCTCGTAGTTGGATTTGTGGCTGTCGCGGGCGGCCTGGTACTTAGTGCCAGTGCTTGCATGCGTCGCCATCCTTGGGTGGAACCTGTGTGGCATTAGGTTGTCGTGCAGGGGATGCCCATCGTTTACTGTGAAAAAATTAGAGTGTTC,Tryblionella gaoana,,Eukaryota,Ochrophyta,Diatomea,Bacillariophytina,Bacillariophyceae,Bacillariophyceae,Bacillariophyceae,asv152,Tryblionella,Bacillariophyceae,Bacillariophyceae,
CAATAGCGTATATTAAAGTTGTTGCAGTTAAAAAGCTCGTAGTTGGATTTGTGGCTGTCGCGTGCCTTTCTTCTCAATGAGTTGATATGGTGTTGCGTCGCCATCCTTGGGTGGAGCCTGTGTGGCATTAGGTTGTCGTGCAGGGGATGCCCATCGTTTACTGTGAAAAAATTAGAGTGTTC,Nitzschia dissipata†,,Eukaryota,Ochrophyta,Diatomea,Bacillariophytina,Bacillariophyceae,Bacillariophyceae,Bacillariophyceae,asv103,Nitzschia,Bacillariophyceae,Bacillariophyceae,
CAATAGCGTATATTAAAGTTGTTGCAGTTAAAAAGCTCGTAGTTGGATTTGTGGCCGTTCCTGCGGTCCCGGTTAATTCCGGGCACCATTGGGGAAGGCCATCCTTGGGTGGAATCTGTGTGGCATTAGGTTGTCGTGCAGGGGATGCCCATCGTTTACTGTGAAAAAATCAGCGCGTTCAA,uncultured,3rd best Monoraphid diatom,Eukaryota,Ochrophyta,Diatomea,Bacillariophytina,Bacillariophyceae,Bacillariophyceae,Bacillariophyceae,asv1125,Bacillariophyceae,Bacillariophyceae,Bacillariophyceae,
CAATAGCGTATATTAAAGTTGTTGCAGTTAAAAAGCTCGTAGTTGGATTTGTGGAGTTGGTGGTGGCGTCCATTAGTTTGGTTCAGCCGCTTCCGTTCCATCCTTGGGAGGAATCTGTGTGGCATTAGGTTGTCGTGCAGGGGATACCCATCGTTTACTGTGAAAAAATTAGAGTGTTCAAAGCAGGCTTACGCCGTTGA,Proschkinia complanatula ,,Eukaryota,Ochrophyta,Diatomea,Bacillariophytina,Bacillariophyceae,Bacillariophyceae,Bacillariophyceae,asv178,Proschkinia,Bacillariophyceae,Bacillariophyceae,
CAATAGCGTATATTAAAGTTGTTGCAGTTAAAAAGCTCGTAGTTGGATTTGTGGTGGCGTCCGAGGTCCGATTTTCGGTACTATCGGTTGCCGCCATCCTTGGGTGGAAGCTGTGTGGCATTAGGTTGTCGTGCAGGGGATGCCCATCGTTTACTGTGAAAAAATCAGCGCGTTCAAAGCAG,uncultured,4th best Achnanthidium daonense ,Eukaryota,Ochrophyta,Diatomea,Bacillariophytina,Bacillariophyceae,Bacillariophyceae,Bacillariophyceae,asv204,Achnanthidium,Bacillariophyceae,Bacillariophyceae,
CAATAGCGTATATTAAAGTTGTTGCAGTTAAAAAGCTCGTAGTTGGATTTGTGGCTGTCGCGTGCCTGTCTTCACATTGTGTTGATGTGGTTGTGCGTCGCCATCCTTGGGTGGAGCCTGTGTGGCATTAGGTTGTCGTGCAGGGGATGCCCATCGTTTACTGTGAAAAAATTAGAGTGTTCAAAGCAGGCTTATGCCGT,Nitzschia dissipata†,,Eukaryota,Ochrophyta,Diatomea,Bacillariophytina,Bacillariophyceae,Bacillariophyceae,Bacillariophyceae,asv214,Nitzschia,Bacillariophyceae,Bacillariophyceae,
CAATAGCGTATATTAAAGTTGTTGCAGTTAAAAAGCTCGTAGTTGGATTTGTGGCTGGACGTGTGGCCCAATTGTTGGCGCCGTTACGTCCTGCCATCTTTGGGAGGATACTGTGTGGCATTAGGTTGTCGTGCAGTGGATACCCATCGTTTACTGTGAAAAAATCAGCGCGTTCAAAGCAGGCTTATGCCGTTGAATGT,Pauliella taeniata†,,Eukaryota,Ochrophyta,Diatomea,Bacillariophytina,Bacillariophyceae,Bacillariophyceae,Bacillariophyceae,asv300,Pauliella,Bacillariophyceae,Bacillariophyceae,
CAATAGCGTATATTAAAGTTGTTGCAGTTAAAAAGCTCGTAGTTGGATTTGTGGTGTGTCCTGTCTGTTGTTGGCTATTGCCATCGTACGGTACGGGTCTGCCATGTTTGGGTGGAATCTGTGTGGCATTAGGTTGTCGCGCAGGGGATGCCCATCGTTTACTGTGAAAAAATTAGAGTGTT,Nitzschia supralitorea,,Eukaryota,Ochrophyta,Diatomea,Bacillariophytina,Bacillariophyceae,Bacillariophyceae,Bacillariophyceae,asv303,Nitzschia,Bacillariophyceae,Bacillariophyceae,
CAATAGCGTATATTAAAGTTGTTGCAGTTAAAAAGCTCGTAGTTGGATTTGTGGCTGTCGCTCGCTTTTCTTCACTTAGTGTTGAAGTAGTGTTGCGTCGCCATCCTTGGGTGGAACTTGTGTGGCATTAGGTTGTCGTGCAGGGGATGCCCATCGTTTACTGTGAAAAAATTAGAGTGTTCAAAGCAGGCTTATGCCGT,uncultured,2nd best Nitzschia,Eukaryota,Ochrophyta,Diatomea,Bacillariophytina,Bacillariophyceae,Bacillariophyceae,Bacillariophyceae,asv322,Nitzschia,Naviculales,Navicula,
CAATAGCGTATATTAAAGTTGTTGCAGTTAAAAAGCTCGTAGTTGGATTTGTGGCTTTTAGTGTGGCCCTTTTGGTGCTAACGCTGAAAGCCATCCTTGAGCTGTACCCGTGTGGCATTAGGTTGTCGTGCGGGTGAGGCCCATCGTTTACTGTGAAAAAATTAGAGTGTTCAAAGCAGGCTTATGCCATTGAATATACT,Catenulaceae sp,,Eukaryota,Ochrophyta,Diatomea,Bacillariophytina,Bacillariophyceae,Bacillariophyceae,Bacillariophyceae,asv388,Catenulaceae,Bacillariophyceae,Bacillariophyceae,
CAATAGCGTATATTAAAGTTGTTGCAGTTAAAAAGCTCGTAGTTGGATTTGTGGTTGTCGCTGTGGTCCATTTGGTACTAACGGCGACGTCCATCCTTGGGTGGAACCTGTGTGGCATTAGGTTGTCGTGCAGGGGATGCTCATCGTTTACTGTGAAAAAATTAGAGTGTTCAAAGCAGGCTTACGCCGTTGAATATATT,Catenulaceae sp,,Eukaryota,Ochrophyta,Diatomea,Bacillariophytina,Bacillariophyceae,Bacillariophyceae,Bacillariophyceae,asv392,Catenulaceae,Thalassiophysales,Amphora,
CAATAGCGTATATTAAAGTTGTTGCAGTTAAAAAGCTCGTAGTTGGATTTGTGGTTTGTGCAGAGGCGTCCATTAGTTTGGTATTGCCTTTGCTTGGCCATCCTTGGGTGGAATCTGTGTGGCATTAGGTTGTCGTGCAGGGGATGCCCATCGTTTACTGTGAAAAAATTAGAGTGTTCAAAGCAGGCTTATGCCGTTGA,Proschkinia vergostriata,,Eukaryota,Ochrophyta,Diatomea,Bacillariophytina,Bacillariophyceae,Bacillariophyceae,Bacillariophyceae,asv641,Proschkinia,Naviculales,Navicula,
CAATAGCGTATATTAAAGTTGTTGCAGTTAAAAAGCTCGTAGTTGGATTTGTGGTGGCGTCCGAGGTCCAATTTTGGTACTATCGGTTGCCGCCATCCTTGGGTGGAAGCTGTGTGGCATTAAGTTGTCGTGCAGGGGATGCCCATCGTTTACTGTGAAAAAATCAGCGCGTTCAAAGCAGGCTTATGCCGTTGAATGTA,Psammothidium papilio,,Eukaryota,Ochrophyta,Diatomea,Bacillariophytina,Bacillariophyceae,Bacillariophyceae,Bacillariophyceae,asv658,Psammothidium,Bacillariophyceae,Bacillariophyceae,
CAATAGCGTATATTAAAGTTGTTGCAGTTAAAAAGCTCGTAGTTGGATTTGTGGGCGGTTCCTGGGTCCGTGCCTTTTGGCGTGTGACTTTGGAGCCGCCCATCCTTGGGTGGAACCTGTGTGGCATTAGGTTGTCGTGCAGGGGATGCCCATCGTTTACTGTGAAAAAATTAGAGTGTTCAAAGCAGGCTTACGCCGTT,Diploneidaceae sp.,,Eukaryota,Ochrophyta,Diatomea,Bacillariophytina,Bacillariophyceae,Bacillariophyceae,Bacillariophyceae,asv82,Diploneidaceae,Naviculales,Navicula,yes
CAATAGCGTATATTAAAGTTGTTGCAGTTAAAAAGCTCGTAGTTGGATTTGTGGCAGCTCTTGTGGCCCAATTTTGGTGCTATCAGGAGCAGCCATCCTTGGGTGGAATCTGTGTGGCATTAAGTTGTCGTGCAGGGGATGCCCATCGTTTACTGTGAGAAAATTAGAGTGTTCAAAGCAGG,Diploneis smithii†,,Eukaryota,Ochrophyta,Diatomea,Bacillariophytina,Bacillariophyceae,Bacillariophyceae,Bacillariophyceae,asv371,Diploneis,Bacillariophyceae,Bacillariophyceae,
CAATAGCGTATATTAAAGTTGTTGCAGTTAAAAAGCTCGTAGTAGGATTTGTGGCGTGTGCTTGGGCGTCCATTTATTTGGTTCTGCCTTGGCCGCGCCATCCTTGGGTGGATTCTGTGTGGCATTAGGTTGTCGTGCAGAGGATGCCCACCGTTTACTGTGAAAAAATTAGAGTGTTCAAAGCAGGCTTACGCCGTTGA,Medlinella amphoroidea,,Eukaryota,Ochrophyta,Diatomea,Bacillariophytina,Bacillariophyceae,Bacillariophyceae,Bacillariophyceae,asv181,Medlinella,Bacillariophyceae,Bacillariophyceae,
CAATAGCGTATATTAAAGTTGTTGCAGTTAAAAAGCTCGTAGTTGGATTTGTGGCGTGTGCGTCGGCGTCCGATTTGATCGGTTCTGCCGGTGCCGTGCCATCCTTGGGTGGAATCTGTGTGGCATTAGGTTGTCGCGCAGGGGATGCCCATCGTTTACTGTGAAAAAATTAGAGTGTTCAA,Stauroneidaceae†,,Eukaryota,Ochrophyta,Diatomea,Bacillariophytina,Bacillariophyceae,Bacillariophyceae,Bacillariophyceae,asv48,Stauroneidaceae,Bacillariophyceae,Bacillariophyceae,yes
CAATAGCGTATATTAAAGTTGTTGCAGTTAAAAAGCTCGTAGTTGGATTTGTGGCGTGTGCGCCGGCGTCCGATTTGATCGGTTCTGCCGGTGCCGTGCCATCCTTGGGTGGAATCTGTGTGGCATTAGGTTGTCGCGCAGGGGATGCCCATCGTTTACTGTGAAAAAATTAGAGTGTTCAA,Stauroneidaceae†,,Eukaryota,Ochrophyta,Diatomea,Bacillariophytina,Bacillariophyceae,Bacillariophyceae,Bacillariophyceae,asv68,Stauroneidaceae,Bacillariophyceae,Bacillariophyceae,yes
CAATAGCGTATATTAAAGTTGTTGCAGTTAAAAAGCTCGTAGTTGGATTTGTGGCAGTTCCTGTTGTCCATTTTTGGTACATTCGGGGACTGCCATCCTTGGGTGGATCCTGTGTGGCATTAGGTTGTCGTGCAGGGGATTCCCATCGTTTACTGTGAAAAAATTAGAGTGTTCAAAGCAGGCTTATGCCGTTGAATATA,Halamphora bicapitata,,Eukaryota,Ochrophyta,Diatomea,Bacillariophytina,Bacillariophyceae,Bacillariophyceae,Bacillariophyceae,asv78,Halamphora,Thalassiophysales,Amphora,
CAATAGCGTATATTGCAGTTAAAAGCTCGTAGTTGGATTTGTGGGCGGTGCCTGGGTCCGTGCCTTTTGGCGTGTGACTTTGGCGGCGCCCATCCTTGGGTGGAATCTGTGTGGCATTAGGTTGTCATGCAGGGGATGCCCATCGTTTACTGTGAAAAAATTACAGTGTTCAAAGCAGGCTT,,,Eukaryota,Ochrophyta,Diatomea,Bacillariophytina,Bacillariophytina,Bacillariophytina,Bacillariophytina,asv743,,Bacillariophytina,Bacillariophytina,
CAATAGCGTATATTAAAGTTGTTGCAGTTAAAAAGCTCGTAGTTGGATTTCTGGTGGGAGCGATCGGTCTGGCGCTTAGCGCGAGTACTTGCATCGTCTCCGGCCATCCTTGGGGAGAGTTTGTCTGGCATTAAGTTGTCGGGCAGAGGATCCTCATCGTTTACTGTGAAAAAATTAGAGTGTTCAAAGCAGGCTTATGC,,,Eukaryota,Ochrophyta,Diatomea,Bacillariophytina,Mediophyceae,Arcocellulus,Arcocellulus,asv680,,Cymatosirales,Arcocellulus,
CAATAGCGTATATTAAAGTTGTTGCAGTTAAAAAGCTCGTAGTTGGATTTCTGGTAACAATTGGTGACCAATTTTGGAATATACAGTTGCTGCCATCCTTGGGTAGAGCCTGTGTGGCATTAGGTTGTCGTGCAGGGGATGCTCATCATTTACTGTGAAAAAATCAGTGCGTTCAAAGCAGGCTTATGCCATTGAATGTA,,,Eukaryota,Ochrophyta,Diatomea,Bacillariophytina,Bacillariophyceae,Placoneis,Placoneis,asv285,,Cymbellales,Placoneis,
CAATAGCGTATATTAAAGTTGTTGCAGTTAAAAAGCTCGTAGTTGGATTTGTGGTTGTTGCGGGTGGCCTTCCACTCAGTGGTAGCGCTCGTCCCGTGACTCCATCCTTGGGTTGAAAGTGGGTGGCATTAGGTTGTCGCTCATGGGACGCCCATCGTTTACTGTGAAAAAATTAGAGTGTT,uncultured,2nd best Achnanthes bongranii,Eukaryota,Ochrophyta,Diatomea,Diatomea,Diatomea,Diatomea,Diatomea,asv480,Achnanthes,Diatomea,Diatomea,
CAATAGCGTATATTAAAGTTGTTGCAGTTAAAAAGCTCGTAGTTGGATTTGTGGCTGTCGCAGGAGGCCTGGCACGAAGTGCCAGCGCTCTTCCCGCGACTCCATCCTTGGGTTGAAAGTGGGTGGCATTAGGTTGTCGCTCATGGGACGCCCATCGTTTACTGTGAAAAAATTAGAGTGTT,uncultured,2nd best Achnanthes bongranii,Eukaryota,Ochrophyta,Diatomea,Diatomea,Diatomea,Diatomea,Diatomea,asv81,Achnanthes,Diatomea,Diatomea,
CAATAGCGTATATTAAAGTTGTTGCAGTTAAAAAGCTCGTAGTTGGATTTGTGACGTGTCCTGTCGGCGGTTGGACTATGTCCGACCTGCTGTACGGGTCTGTCTTTTTTGGGTGGAACCTCGGTGGCATTAGGTTGTCGCCTTGGGGATGCCCATCGTTTACTGTGAAAAAATTAGAGTGT,Nitzschia supralitorea†,,Eukaryota,Ochrophyta,Diatomea,Diatomea,Diatomea,Diatomea,Diatomea,asv1161,Nitzschia,Diatomea,Diatomea,
CAATAGCGTATATTAAAGTTGTTGCAGTTAAAAAGCTCGTAGTTGGATTTGTGGTTTGCTGCAGGGCCCGGCATTGCGCCGCGGCCTTTGTGGCGGACCATCCTTGGGTGGAATCCGTGTGGCATTAGGTTGTCGCGCGGGGGATGCCCACCGTTTACTGTGAAAAAATTAGAGTGTTCAAAGCAGGCTTATGCCGTTGA,Amphora sp,,Eukaryota,Ochrophyta,Diatomea,Diatomea,Diatomea,Diatomea,Diatomea,asv150,Amphora,Diatomea,Diatomea,
CAATAGCGTATATTAAAGTTGTTGCAGTTAAAAAGCTCGTAGTTGGATTTGTGGAGGCACTAGTTGGGTCATATTTGATTCCAAACATGTGTCTTCATCTTTGAGTTGCCTCTATGTGGCATTAGGTTGTCGCGTAGGGAGTACTCATCATTTACTGTGAGAAAATCAGAGCGTTCCAAGCAAGCTTAGGCTGTTGAATG,Rhoicosphenia abbreviata,,Eukaryota,Ochrophyta,Diatomea,Diatomea,Diatomea,Diatomea,Diatomea,asv217,Rhoicosphenia,Diatomea,Diatomea,
CAATAGCGAACATTAAAGTTGTTGCAGTTAAAAAGCTCGTAGTTGGACATCTGGTGGGAGCAATCTGTCTGCCGCTTTTGGTGAGAATAAGATTTGTCTCTGGCCATCCTTGGGGAGATCTCGTCTGGCATTAAGTTGTCGGGTGTGTGATTCCCATCGTTTACTGTGAACAAAATAGAGTG,Ellerbeckia sp,,Eukaryota,Ochrophyta,Diatomea,Diatomea,Diatomea,Diatomea,Diatomea,asv426,Ellerbeckia,Diatomea,Diatomea,
CAATAGCGTATATTAAAGTTGTTGCAGTTAAAAAGCTCGTAGTTGGATTGGTGTTGGTTATGTTTTTTTGGGAAATTCTCAAAGCGACGTTAACCAATATATTTGGGATTTGGTCTAGAATGGCATTAAGTTGTTGATTTAGTTCCAGCCCATCGTTTACTGTGAAAAAATTAGAGTGTTTA,Uncultured Oomycota,,Eukaryota,Ochrophyta,Diatomea,Diatomea,Diatomea,Diatomea,Diatomea,asv473,Ochrophyta,Diatomea,Diatomea,
CAATAGCGTATATTAATGTTGTTGCAGTTAAAAAGCTCGTAGTTGGATTTCTGAGAGAAGGGCCTGGTCGTTGACTAACGTTGACGAGCCTTGGCTCCTTGTCTCATCTGTGCGCCTAAACTCTGTGGCATTAGGTTGTTGCGGTGTGGAAGCGTATCATTTACTGTGAGAAAATTAGAGTG,Phaeosaccion multiseriatum,,Eukaryota,Ochrophyta,Diatomea,Diatomea,Diatomea,Diatomea,Diatomea,asv479,Phaeosaccion,Diatomea,Diatomea,
CAATAGCGTATATTAATGTTGTTGCAGTTAAAAAGCTCGTAGTTGGATTTCTGACAAGAGCGGCCGGTCCGAGCCTTTTGGGTTCGTGTACTTTGTGTTGTCTCTAGTCATCCTTATGGAGAACGTGTGTGGCATTAACTTGTCGTGCTCGGGACCCATATCGTTTACTGTGAAAAAATTAGAGTGTTCAAAGCAGGCAA,uncultured,3rd best labyrinthulid,Eukaryota,Ochrophyta,Diatomea,Diatomea,Diatomea,Diatomea,Diatomea,asv63,Ochrophyta,Diatomea,Diatomea,
CAATAGCGTATATTAATGTTGTTGCAGTTAAAAAGCTCGTAGTTGGATTTCTGACAAGAGCGATCGGTCCTAGCCTTATGGTTGGTGTACTTGTGTTGTCTCTAGTCATCCTTATGGAGAACGTGTGTGGCATTAAATTGCCGAGCATGGGACCCATATCGTTTACTGTGAAAAAATTAGAG,uncultured,2nd best Uncultured labyrinthulid ,Eukaryota,Ochrophyta,Diatomea,Diatomea,Diatomea,Diatomea,Diatomea,asv657,Ochrophyta,Diatomea,Diatomea,
CAGTAGCGTATATTAATGTTGTTGCAGTTAAAAAGCTCGTAGTTGGATTTCTGGTTTTACACGTCTAGTCCGCTGCGGTAACGTATGTTGAGTACTGGTTCGTGTTTACCATCCTTCTAGGAAACCCGTCTGCTCTTCACTGAGTTGGGCGGGGGTTCTAGATCTTTTACTTTGAAAAAATTAGAGTGTTTAAAGCAGGC,,,Eukaryota,Eukaryota,Eukaryota,Eukaryota,Eukaryota,Eukaryota,Eukaryota,asv1006,,Eukaryota,Eukaryota,
CAGTAGCGTATATTAAAGTTGTTGCAGTTAAAAAGCTCGTAGTTGGATTTCTGGTGTGGGGCACCTGGCCCGCCGTCATTGACGTGTGAGTGCTGGCGTGCCCCGGCCATCCTTCCGGAGAGCGGGTCCCCCCTTCATTGGGTGGGGCCCGTCATTCGGATCTTTTACTTTGAAAAAATTAG,,,Eukaryota,Eukaryota,Eukaryota,Eukaryota,Eukaryota,Eukaryota,Eukaryota,asv1009,,Eukaryota,Eukaryota,
CAATAGCGTATATTAAAGTTGTTGCAGTTAAAAAGCTCGTAGTTGGATTTTTGGGGCCGGATTAGTGTTTGTGCGGTGAAAGCCGTGTCTTGCGCTAGCGGACTCATTCCTCCTGAAGAGCACATCTGGCCTTAACTGGTCTGGGTGAGTCATGCGCTTCAGGTCGTTTACTTTGAGCAAAT,,,Eukaryota,Eukaryota,Eukaryota,Eukaryota,Eukaryota,Eukaryota,Eukaryota,asv1059,,Eukaryota,Eukaryota,
CAATAGCGTATATCAATGTTGTTGCGGTTAAAAAGCTCGTAGTTGGATTCAGAGTTTATGGTTGTGGGCAGGCTACCCCTGCGTGTTCTTCCTCTTTGGATTTGCACTAGGGGGTGGAACAACTGCTCACAATAACCATAACCCTTCGTACATGGAATAGTTCGGCCGGCAGAAGTCTCCTT,,,Eukaryota,Eukaryota,Eukaryota,Eukaryota,Eukaryota,Eukaryota,Eukaryota,asv1061,,Eukaryota,Eukaryota,
CAGTAGCGTATATTAAAGTTGTTGCAGTTAAAAAGCTCGTAGTTGGATTTCTGGCGTATCGAGACAGCCCGGTCCCAATGGGACTGAGTCGTTGTCATCGCATGTGCCATCCTTCCAGGGAGTTGGGCCTACCGCTTTTTGGCGGCCGGGCCCTGCGATCTGGATCTTTTACTTTGAAAAAA,,,Eukaryota,Eukaryota,Eukaryota,Eukaryota,Eukaryota,Eukaryota,Eukaryota,asv1098,,Eukaryota,Eukaryota,
TAATAGCGTATATTAAAGTTGTTGCTGTTAAAAAGCTCGTAGTTGGATCTTGAGATTCGTGCCGTATCGGTCCGCCGGAATGGTGAGTACTGTATGGCTGGTCTCTTCCTACTGGATGTCCGATACTGTTCTTAATTGAGTGGTATAGTGTGCCTTCGGGTGCGCCGCACTGTTCGTACGCT,,,Eukaryota,Eukaryota,Eukaryota,Eukaryota,Eukaryota,Eukaryota,Eukaryota,asv1146,,Eukaryota,Eukaryota,
CAGTAGCGTATATTAAAGTTGTTGCAGTTAAAAAGCTCGTAGTTGGATTTCTGGTATGAGAGATCAAGCCCGTCACGGTTACGTGAGTGTGCGCTGGATGTTCTCTACCATCTTTCTGGATCTCTATCCTACCATTCATTTGGTTTGGATTGCAGTCCGGATCTTTTACTTTGAAAAAATTA,,,Eukaryota,Eukaryota,Eukaryota,Eukaryota,Eukaryota,Eukaryota,Eukaryota,asv1147,,Eukaryota,Eukaryota,
CAATAGCGTATATTTAAGTTGTTGCAGTTAAAAAGCTCGTAGTTGAACTTCTGTTGAAGGCATTAGTCTACTAATTAGTGGTATTAATGTTCTTTAGCATTTTTCTGGAGTTGACACTTCGTGTTGGCTCTGGAGCTGATACTTTGAGAAAATTAGAGTGTTCCAAGCAGGCGTCAGCCTGAATACTGCAGCATGGGATA,,,Eukaryota,Eukaryota,Eukaryota,Eukaryota,Eukaryota,Eukaryota,Eukaryota,asv115,,Eukaryota,Eukaryota,
CAAAAGTGTATACACAAGTTGTTGCGGTTAAAAAGCTCGTAGTTGGACCGTAGGTCTGATAACAGTATGGTGCCATGAGCAACGCTCTTGGAACAACACCAACTGGATCTTACCAAAAAAGGGGTAACACAAGAGATAGCTACGGCTACTCGTCATCTAACATTTACTTTGAAAAAATTAGGGTGTTCAAAGCAGGCTAT,,,Eukaryota,Eukaryota,Eukaryota,Eukaryota,Eukaryota,Eukaryota,Eukaryota,asv1175,,Eukaryota,Eukaryota,
CAATAGCGTATATTAAATTTGTTGCAGTTGAAAAGCTCGTAGTTGGAGATTGGTTGTGTGGTTTGGTTTGGTTGGGAGGGGGTTGACTTTTGTTGATCTTCTTCATTTATACCAAGCCTGACCCCAGCCTTCCTTCCGTAGTCAGCGTCTGCTCTTTACTGCAGTGGGCGTTATGTAGGGGG,,,Eukaryota,Eukaryota,Eukaryota,Eukaryota,Eukaryota,Eukaryota,Eukaryota,asv1178,,Eukaryota,Eukaryota,
CAGAAGCGTATATTAATGTTGTTGCAGTTAAAACGCTCGTAGTTGGATCTTGGAGGTTAGGTAAGAGCTCTGTCCACCTGAAGGTGAGTACGGACTCTCCTCCTCTGTATTTGGTAATAGCGCACGGGGGCCCTTAATTGGGTATCTCGTGAGGGGGAGGGTGTAAAAGCCCGAGCCCGAGGGAAGGCGGGGCGGTGAAA,,,Eukaryota,Eukaryota,Eukaryota,Eukaryota,Eukaryota,Eukaryota,Eukaryota,asv1192,,Eukaryota,Eukaryota,
CAGTAGCGTATATTAAAGTTGTTGCAGTTAAAAAGCTCGTAGTTGGATTTCTGGTGTGACAAGACCTTCCGGCCTCTATGAGGATCGCGTTGGCGCTTGTCTGCCATCCTTCCGGAGAACGTTATTCGATTAACTTCGTTATATCGTCATTCGGATCATTTACTTTGAAAAAATTAGAGTGT,,,Eukaryota,Eukaryota,Eukaryota,Eukaryota,Eukaryota,Eukaryota,Eukaryota,asv1193,,Eukaryota,Eukaryota,
TGTTAGGTTATACTAATGTTGTTGCAGTTAAAAAGCTCGTAGTCGAAGATCCAGCGTGGGTTGACTGCCGCCTTGGGCCTTTTGGTCCTTGTTTTGTGGCTGGTCGACCTTTGCTGTCCTGGTTTCGCTTTTTGGCGAGGCCTCTTTCACTGTAAATAAATCAGAATGTTCAACGTAGGCCGTAGGCCTGAATATTTCTT,,,Eukaryota,Eukaryota,Eukaryota,Eukaryota,Eukaryota,Eukaryota,Eukaryota,asv1211,,Eukaryota,Eukaryota,
CAATAGCGTATATTAAAGTTGTTGCAGTTAAAAAGCTCGTAGTTGGATTTCTGGTATGGTGCATCTGGTCCGCCCCTTTTATGGTGTGTGAGTATCGGCATGCGCCTGCCATCCTCTCGGGGAGCGCTGTGTCTACCCTTCATTGGGCTGGACCCGCGACCCGGGTCGTTTACTTTGAAAAA,,,Eukaryota,Eukaryota,Eukaryota,Eukaryota,Eukaryota,Eukaryota,Eukaryota,asv1214,,Eukaryota,Eukaryota,
CAATAGCGTATATTAAAGTTGTTGCAGTTAAAAAGCTCGTAGATTGATGTCTGATCTTATATACTCGGTCGAGCCCGTAAGGGTTGTGTACTAGAGCATTAGGGTCATCTTTGTGAGGATTTCACTCTGGCATTAAGTTGTTGGTATGAAAGGCTTACATCTTTTACTGTGAAAAAATTAGAGTGTTTCAAGCAGGCGTA,,,Eukaryota,Eukaryota,Eukaryota,Eukaryota,Eukaryota,Eukaryota,Eukaryota,asv126,,Eukaryota,Eukaryota,
CAGTAGCGTATATTAAAGTTGTTGCAGTTAAAAAGCTCGTAGTTGGATTTCTGGCGTACGAACGCTGGCCCGCCAGGGTTACCTGTGTGAGTGCTGGCTGTTCGTTGCCATCCTCCTAGTGAACGTGTCGGTTCTTTATTGAGTCGGCTCGCAAGCTAGGTCATTTACTTTGAGAAAATTAA,,,Eukaryota,Eukaryota,Eukaryota,Eukaryota,Eukaryota,Eukaryota,Eukaryota,asv1292,,Eukaryota,Eukaryota,
GAGAAGTGTATATCAACATTGCTGCTGTTAAAAAGCTCGTAGTTGTCTGCTGGGGCTCAGGCGTTACCTCTGGGGTGCGTCTGTGGGTGCAACTTGTTGCCCCGCAGCCACCCTGTGGTTTCTGTCCTGACCCCGCCGAAACATGGATTCGATGTCCCTGCAACGGAACCCTTGACTTTGGG,,,Eukaryota,Eukaryota,Eukaryota,Eukaryota,Eukaryota,Eukaryota,Eukaryota,asv1366,,Eukaryota,Eukaryota,
CAGTAGCGTATATTAAAGTTGTTGCAGTTAAAAAGCTCGTAGTTGGATTTCTGGCGTGGCAGAGCTAGCCTGACTTCTAAAGTCTCGTGCTGGTCTCTGTCTGCCATCCTTCCAGAGAACGGCGGTTGCCTTCATTGTGTGACTGTTGCAATCTGGAACTTTTACTTTGAAAAAATTAGAGT,,,Eukaryota,Eukaryota,Eukaryota,Eukaryota,Eukaryota,Eukaryota,Eukaryota,asv1373,,Eukaryota,Eukaryota,
CAGTAGCGTATATTAAAGTTGTTGCAGTTAAAAAGCTCGTAGTTGGATCTCTGGTTGGAGCGTTGGGCCCGCCCGGGTTACCGGTGTGAGTGCCCGTTCGCTCTTTCCATCCTTCTAGAGAACGGTTCTCTCCTTCATTGGTTGTGGGATCGCAATCTAGATCTTTTACTTTGAAAAAATTAGAGTGTTTAAAGCAGGCT,,,Eukaryota,Eukaryota,Eukaryota,Eukaryota,Eukaryota,Eukaryota,Eukaryota,asv139,,Eukaryota,Eukaryota,
CATGAGTGTATATTTAAGTTGTTGCGGTTAAAAAGTTCGTAGTCGAATTTCGACTCGCCGGCCGGCGGTCGCTCAAGATGAGTGCACTGCCGATGTCGAGGGTCATTACTTCTCAATGCAGCGTTGCGCGATTAAGTTCGCGCTTCGTGTGCTTGGGAACTTTTACTGTGAACAAATCAAAGCGTTCAAAGCAGGTGTTT,,,Eukaryota,Eukaryota,Eukaryota,Eukaryota,Eukaryota,Eukaryota,Eukaryota,asv1407,,Eukaryota,Eukaryota,
CAATAGCGTATATTAAAGTTGTTGCAGTTAAAAAGCTCGTAGTTGGATTTCTGGTAGCCTGGATCTGGCCCGCCTCTTATGAGTGTGAGCGTCGGAATCCAGCTGCCATCCTCTCAGCTAACGTCTCTACCATTAGTTTGGTCGGATTCGCGAACTGGGTCATTTACTTTGAAAAAATTAGAGTGTTTAAAGCAGGCTAT,,,Eukaryota,Eukaryota,Eukaryota,Eukaryota,Eukaryota,Eukaryota,Eukaryota,asv141,,Eukaryota,Eukaryota,
CAATAGGATATATCAAAGTTGTTGCAGTTGAAAAGCTCGTAGTCGTATTTCTGATGGGTTGATGTCTCTTGTTCGCTTGGCGCAAGCCAGGTGACTCGGGGCCGCCTGTCATTTTGTGGGCTCAAGTGGCCAGGAGGTGGTTCATTCTGCCTCCTGGTCGCTCCACTCCGTCACTGAGAGCAAATTGGAGTGCTCAAAGC,,,Eukaryota,Eukaryota,Eukaryota,Eukaryota,Eukaryota,Eukaryota,Eukaryota,asv143,,Eukaryota,Eukaryota,
CAGTAGCGTATATTAAAGTTGTTGCAGTTAAAAAGCTCGTAGTTGGATTTCTGGCTCGACGGAGCTGACCCGCGGCGCAAGCCGTGAGTGTCGGTCTCGGTCTGCCATCCTTCCAGAGAACGTTCCTACCCTTCACTGGGCCGGGTTCGCAATCTGGAACTTTTACTTTGAGGAAATTAGAGTGTTCAAAGCAGGCTTGC,,,Eukaryota,Eukaryota,Eukaryota,Eukaryota,Eukaryota,Eukaryota,Eukaryota,asv144,,Eukaryota,Eukaryota,
CAATAGCGTATATTAAAGTTGCTGCAGTTAAAAAGCTCGTAGTTGGATTTCTGACCTGATACATTTGGCCAGCCGCGATTTCGCGTGTTAGTGCTTTATGTTCTGGTCATCCTTCCAATCGCAACTGGCTCTTCTTCATTGATTGGTCAGTTGTATTGGATCTTTTACTTTGAAAAAATTAGAGTGTTTCAAGCAGGCTT,,,Eukaryota,Eukaryota,Eukaryota,Eukaryota,Eukaryota,Eukaryota,Eukaryota,asv151,,Eukaryota,Eukaryota,
CAATAGCGTATATTAAAGTTGTTGCGGTTAAAAAGCTCGTAGTTGGATTTTTGGGTTGGCATCATTGGTCGAGCACTGCTCTGTACCGATGAGTCGACTCTTTTGTCTTGAGACTTGCGCGCAGCCTTGATTGGTTGTGTGTGGGGATCTATGACATTTACTTTGAACAAATTAGAGTGTTTAAAGCAGGCATTTGCCTT,,,Eukaryota,Eukaryota,Eukaryota,Eukaryota,Eukaryota,Eukaryota,Eukaryota,asv154,,Eukaryota,Eukaryota,
CAGTAGCGTATATTAAAGTTGTTGCAGTTAAAAAGCTCGTAGTTGGATTTCTGGTACGCTGCGCCTGGACCGCCCGCTTTAAGCGGTGTGTGTTCCGGAGCGCGGTTGCCATCCTTCTAGAAAACGTTTCTATCCTTCGCTGGACCGGATTCGCAATCTAGATCTTTTACTTTGAAAAAATT,,,Eukaryota,Eukaryota,Eukaryota,Eukaryota,Eukaryota,Eukaryota,Eukaryota,asv172,,Eukaryota,Eukaryota,
CGAAAGCGTATATTAAAATTGTTGCAGTTAAAAAGCTCGTAGTTGGATTTCTGGCCATCTGTGCGCAACCCGCCCTCGTTAGAGGTGTGTGTGCTGCCGACGCGGATGCCATCCTTCTAGTCCTTCTTTTTGGCCTTCACTGGCTGAATTTTTGGTCTAGATCTTTTACTTTGAAAAAATTA,,,Eukaryota,Eukaryota,Eukaryota,Eukaryota,Eukaryota,Eukaryota,Eukaryota,asv185,,Eukaryota,Eukaryota,
CAGTAGCGTATATTAAAGTTGTTGCAGTTAAAAAGCTCGTAGTTGGATCTCTGGTTGGAGCGTTGGGCCCGCCCGGGTTACCGGTGTGAGTGCCCGTTCGCTCTTTCCATCCTTCTAGAGAACGGTTCTCTCCTTTATTGGTTGTGGGATCGCGATCTAGATCTTTTACTTTGAAAAAATTA,,,Eukaryota,Eukaryota,Eukaryota,Eukaryota,Eukaryota,Eukaryota,Eukaryota,asv197,,Eukaryota,Eukaryota,
TAATAGCGTATATTAAAGTTGTTGCGGTTAAAAAGCTCGTAGTTGGATTTTGGGCCCTCTACCGTCGGTCCGGTGTAAACCAGCACTGATAGTGGGGGCCTTCTGTCTGGAAACGGCGTCTTCGTTCTTAATTGGACGATGCGGCGGGTCTAGGACTTTTACTTTGAACAAATTAGAGTGTT,,,Eukaryota,Eukaryota,Eukaryota,Eukaryota,Eukaryota,Eukaryota,Eukaryota,asv201,,Eukaryota,Eukaryota,
CAGTAGCGTATATTAAAGTTGTTGCAGTTAAAAAGCTCGTAGTTGGATTTCTGACTTGGTGTGCCTGGCCCGCTAGCGTTAGCTGTGTGAGTGCCGGTGCGCGTCGCGTCATCCTTTCAGAAAACCAGTATGCTCTTCATTGAGTTGTGCTGGCAATCTGGATCTTTTACTTTGAAAAAATT,,,Eukaryota,Eukaryota,Eukaryota,Eukaryota,Eukaryota,Eukaryota,Eukaryota,asv212,,Eukaryota,Eukaryota,
CAATAGCGTATATTAAAGTTGTTGCAGTTAAAAAGCTCGTAGTTGGATTTCTGGTCCTTCGTTTATGTCCTCCGAAAGGAGTGTACGTACGCGGGGGGCCATCCTCTCGAAGACTGCGTGTGCTCTTAACTGAGTGTGCGGAGGATTCGGGACCTTTACTTTGAAAAAATTAGAGTGTTCAA,,,Eukaryota,Eukaryota,Eukaryota,Eukaryota,Eukaryota,Eukaryota,Eukaryota,asv215,,Eukaryota,Eukaryota,
CAATAGCGTATATTAAAGTTGTTGCAGTTAAAAAGCTCGTAGTTGAACTTCTGGTAGGAGTGTCCCGGTGTTTGGGCGAATGCCCTCTCTTACTGTGTGACATCTCTGGCCATCCTCGCTATCTTTTAGGTAGCGTCTTTCACTGTAAAAAAATTAGGGTGTTTCAAGCAAAAGTTTCTTTGGAATATATTAGTATGGGA,,,Eukaryota,Eukaryota,Eukaryota,Eukaryota,Eukaryota,Eukaryota,Eukaryota,asv236,,Eukaryota,Eukaryota,
CAAAAGCGTATATTAAAGTTGCTGCAGTTAAAAAGCTCGTAGTTGGATTTCTGGCGTGACATGCCCGGCCCGCTACTTTACAGTGGCGTGTGCTGGCGCTGTGTCTGCCATCCTTCCAGAGATTGGTGATACCTTTCATTAGGTCGTCTGCCAAGGTCTGGATCTTTTACTTTGAAAAAATTAGAGTGTTCAAAGCAGGC,,,Eukaryota,Eukaryota,Eukaryota,Eukaryota,Eukaryota,Eukaryota,Eukaryota,asv239,,Eukaryota,Eukaryota,
CAATAGCGTATACTAAAATTGCTGCAGTTAAAAAGCTCGTAGTTGGATTTCTGGCGCGGCGTGCCCGGCCCGTTGAGCTTTGCTCTTCGAGTGTCGGTTTTGCGCGCCCGCCATCCTTTCTAGAGAGCGCGGCTACCCTTCACTGGGATTGGTCGCGCGATCTAGATCGTTTACTTTGAATA,,,Eukaryota,Eukaryota,Eukaryota,Eukaryota,Eukaryota,Eukaryota,Eukaryota,asv244,,Eukaryota,Eukaryota,
CAATAGCGTATATTAAAGTTGTTGCGGTTAAAAAGCTCGTAGTTGGATTTTGGGTTCACTTCCGGCGGGCCGGTGCAAGCCGCGAACTGCTAGAATGGACCTTCTGTCTGGAACGTGGTCGCTTCCTATTCGCTTAGTGGCGGCCGCTGTCTAGGACTTTTACTTTGAACAAATTGGAGTGT,,,Eukaryota,Eukaryota,Eukaryota,Eukaryota,Eukaryota,Eukaryota,Eukaryota,asv245,,Eukaryota,Eukaryota,
CAATAGCGTATATTAAAGTTGTTGCAGTTAAAAAGCTCGTAGTTGAACTTCTGGTAGGAGCGACCCGGCCTTTGGGCGAATGCCCTCTGTTTTGCTGTGTTGTCGTCTCTGGCCATCTTTTCCCGGTCTTTTAAGGTTGGGGATCATTTACTGTAAAAAAATTAGAGTGTTCAAAGCAGAATGTATGTTTGGAATATGTT,,,Eukaryota,Eukaryota,Eukaryota,Eukaryota,Eukaryota,Eukaryota,Eukaryota,asv252,,Eukaryota,Eukaryota,
CAATAGCGTATATTATTGATGTTGCAGTTGAAACGTTCGTAGTCGAACTTTTTCTGTTAAAGACGTGTGTCTGTCATAGACAGCATATGTTCTTATTGCAGAAAAGTGTTAATTCGTCTATGTGCTTCACATAGGCGTTTATTAACACTGTACTTTGAGTGAATCGGCGTGTTCCACGCAGGCTTTATGCCTTGAACGAT,,,Eukaryota,Eukaryota,Eukaryota,Eukaryota,Eukaryota,Eukaryota,Eukaryota,asv260,,Eukaryota,Eukaryota,
CAGTAGCGTATATTAAAGTTGTTGCAGTTAAAAAGCTCGTAGTTGGATTTCTGATAGTAGCGTTGGGCCCGCCCGGGTTACCGGTGTGAGTGCCTGTTCGCTCCTTTCATCCTTCTAGAGAACGGTTCTCTCCTTCATTGGCAGTGGGATCGCAATCTAGATCTTTTACTTTGAAAAAATTA,,,Eukaryota,Eukaryota,Eukaryota,Eukaryota,Eukaryota,Eukaryota,Eukaryota,asv266,,Eukaryota,Eukaryota,
CAATAGCGTATATTAATGCTGTTGCGGTTAAAAAGCTCGTAGTTGGATCTCGGTTGTCCGTGTTCGGTTAGCTGATTGGCTTTACTGAATGGTCGGGCATCTGTTTTTTTGCAGTACGAGCGTGGGTGCTCTTAACCGAGTGTCCACGTCCTCGTCTGCAGGTTTACTTTGAAAAAATTAGA,,,Eukaryota,Eukaryota,Eukaryota,Eukaryota,Eukaryota,Eukaryota,Eukaryota,asv28,,Eukaryota,Eukaryota,
CAATAGCGTATATTAAAGTTGTTGCAGTTAAAAAGCTCGTAGTTGGATTTCTGGATTCTGACGGCGGTTCCGCCTCTGGTGGATACTTGCTGTTGGGGTCCATCCTCCCGAAGACGCCGCGTGTTCTTTACTGAATGCGTTGTGGACTCGGGACTTTTACTTTGAAAAAATTAGAGTGTTCA,,,Eukaryota,Eukaryota,Eukaryota,Eukaryota,Eukaryota,Eukaryota,Eukaryota,asv286,,Eukaryota,Eukaryota,
CAGAGGCGTATGCGCACGCTGTTGCAGTTAAAAAGCTCGTAGTTGGATTTCTACCGGTGGGTGTCCGACCCGGCGCATTAGCGTTCGAGTGTTGGTGCACCTCCGGTATCCTCGGGGACCCGTCATGCCTGCCCTTCATTGGGCCGGGCATGCGACCTCGTCAGTCACTTTGAACAAAATGAAGCGCTCAAAGCAGGCAA,,,Eukaryota,Eukaryota,Eukaryota,Eukaryota,Eukaryota,Eukaryota,Eukaryota,asv287,,Eukaryota,Eukaryota,
CAATAGCGTATATTAAAGTTGTTGCGGTTAAAAAGCTCGTAGTTGGATTTTTGGGTTGGCATTATTGGTCGAGCTATGCTCTGTACCGATGAGTCGACTCTTTTGTCTTGAGACTTGCGTGGGGGCTTAATTGTCTCTGCGTGGGGATCTATGACATTTACTTTGAACAAATTAGAGTGTTTAAAGCAGGCATTTGCCTT,,,Eukaryota,Eukaryota,Eukaryota,Eukaryota,Eukaryota,Eukaryota,Eukaryota,asv299,,Eukaryota,Eukaryota,
CAGTAGCGTATATTAAAGTTGTTGCAGTTAAAAAGCTCGTAGTTGGATTTCTGGCGTGACGCGCCTGGCCCGCTGCGATTTCGTATGTGAGTGCTGGAGCGCATCTGCCATCCTTTAACTGAAGGTTATCTCTCCTTCGCTGGACGAGATTCTCTGAAGTTAATCAATTACTTTGAAAAAAT,,,Eukaryota,Eukaryota,Eukaryota,Eukaryota,Eukaryota,Eukaryota,Eukaryota,asv30,,Eukaryota,Eukaryota,
CAATAGCGTATATTAACGTTGTTGCAGTTAAAAGGCTCGTAGTCGAACCTATGATCTTGTAAGCTGTTCCTTTTGCCAAGCGCAATTGTGTACATGTTTACTGGTCATCCTTCTGGAAAACATGCCTGTTCTTAATTGAGTGGGTTATGCGATCCAGATCATTTACTGTGAGTAAATCAGAG,,,Eukaryota,Eukaryota,Eukaryota,Eukaryota,Eukaryota,Eukaryota,Eukaryota,asv314,,Eukaryota,Eukaryota,
CAGAAGCGTATATTAATGTTGTTGCAGTTAAAACGCTCGTAGTTGGATCTTGGAGGTTAGGTAAGAGCTCTGTCCACCTGAAGGTGAGTACGGACTCTCCTCCTCTGTATTTGGTAATGGCGCACGGGGGCCCTTAATTGGGTATCTCGTGAGGGGGAGGGTGTAAAAGCCCGAGCCCGAGG,,,Eukaryota,Eukaryota,Eukaryota,Eukaryota,Eukaryota,Eukaryota,Eukaryota,asv319,,Eukaryota,Eukaryota,
CAATAGCGTATGTCAAAGTTGTTGCGGTTGAAAAGCTCGTAGTTGGATCTCGATGCCGGGCTGGCGGTGCGCCCGTTGTGGCGTGTCTACTGCTAGTGCCGGCGATAAAAAGAGGCCGGCAGATATAATTCCCTTGGTGCTCTTGACTGAGTGGCTTGGGTGGCCGGAACGTTTACTGTGAAAAAATTAGAGTGCTCAAG,,,Eukaryota,Eukaryota,Eukaryota,Eukaryota,Eukaryota,Eukaryota,Eukaryota,asv33,,Eukaryota,Eukaryota,
CAATAGCGTATATTAAAGTTGTTGCAGTTAAAAAGCTCGTAGTTGAAGATACGAGTGCTTGCACTAGAACAAAGTTCCGGTGCTTGTACTCACTTTTCGCAAAGACGACATGGCCTATTAATTTAAGTTGTGTTTGAGTTGCGTCGTTTACTGTGAACAAATTAGGGTGTTTAAAGCAGGCC,,,Eukaryota,Eukaryota,Eukaryota,Eukaryota,Eukaryota,Eukaryota,Eukaryota,asv332,,Eukaryota,Eukaryota,
CAATAGCGTATGTCAGCTTTGCTGCGGTTAAAAAGCTCGTAGTTGGATCTCGATGCCGGGCTGGCGGTGCGCCCGTCCACTGCCAGTGCCGGCGATCAAAAGGGGCCGGCAGATATAATTCCCTTGGTGCTCTTGACTGAGTGGCTTGGGTGGCCGGAACGTTTACTGTGAAAAAATTAGAGTGCTCAAGGCAGGCCTAC,,,Eukaryota,Eukaryota,Eukaryota,Eukaryota,Eukaryota,Eukaryota,Eukaryota,asv333,,Eukaryota,Eukaryota,
CAATAGCGTATATTAAAGTTGTTGCAGTTAAAAAGCTCGTAGTCGGATTTCTGGTGCTCGGGTGCGGTCCGCCGCAAGGTGTGCACTGCGCGCGGGCGCCTTTTTCCTCCCGATGCTTGCGTGTGCTCTTAACTGGGTGTGCGTGTGGCTCGGGACCTTTACTTTGAAAAAATTAGAGTGTT,,,Eukaryota,Eukaryota,Eukaryota,Eukaryota,Eukaryota,Eukaryota,Eukaryota,asv344,,Eukaryota,Eukaryota,
CAGTAGCGTATATTAAAGTTGTTGCAGTTAAAAAGCTCGTAGTTGGATTTCTGGTGTGGGAAGCCTCGCCCGCCGCGATTCGCGTGTGAGTTGCGGGGCGTCCCCACCATCCTTCTGGTTAGCCTGTCTACCCTTGATTGGGCCGGACTGTGCGACCCAGATCGTTTACTTTGAGTAAATTA,,,Eukaryota,Eukaryota,Eukaryota,Eukaryota,Eukaryota,Eukaryota,Eukaryota,asv355,,Eukaryota,Eukaryota,
CAATAGCGTATATTAAAGTTGTTGCAGTTAAAAAGCTCGTAGTTGGATTTCTGGTAGGAGCGACCATACCGAGCTTGATTGTTCGTGTAATGTGTTGTCTCCAGCCATCCTCGTGGAGAGTGTTTCTGGCATTAATTTGTTGGAGGCAGGACCCGCGTCGTTTACTGTGAAAAAATTAGAGT,,,Eukaryota,Eukaryota,Eukaryota,Eukaryota,Eukaryota,Eukaryota,Eukaryota,asv367,,Eukaryota,Eukaryota,
CAATAGCGTATATTAAAGTTGTTGCAGTTAAAAAGCTCGTAGTCGAATTTCGGATTTGGCCTATTGGTCCACCTTATGGTCGGTACTGATTAGGTCGGATCTTACCTTCTGGGGAACGTTTGTGCTCTTTATTGAGTGTGATCGGGAACCAGAACATTTACTTTGAAAAAATTAGAGTGTTTAAGGCAGGCTTATGCTTG,,,Eukaryota,Eukaryota,Eukaryota,Eukaryota,Eukaryota,Eukaryota,Eukaryota,asv374,,Eukaryota,Eukaryota,
CAATAGCGTATATTAAAGTTGTTGCAGTTAAAAAGCTCGTAGTTGAAGATATGAAGGCGTGTACCAGAGTTTTACTCAGGTGCCCGTCTTCGCTTTTCGCAAAGTCACCTTTTCGCATTAATTTGCGGATTGGCTGGGTTGCGTCGTTTACTGTGAACAAATTAGGGTGCTCCAAGCAAGCCTATGTTTGAATACACTAG,,,Eukaryota,Eukaryota,Eukaryota,Eukaryota,Eukaryota,Eukaryota,Eukaryota,asv38,,Eukaryota,Eukaryota,
CAATAGCGTATCTTAAAGTTGTTGCAGTTAAAAAGCTCGTAGTTGGATTTTGGGCACGAGAGCGGACGGTCCGTCACAACGACGTGTACCTTCGGTCCGTGCCTTTGCTTCGCACTGCATGCCGCGGCCATTGATTTGGTCGGGGAATCGATGCGTGCGATCATTTACTTTGAAAAAATTAGAGTGTTCAAAGCAGGCGA,,,Eukaryota,Eukaryota,Eukaryota,Eukaryota,Eukaryota,Eukaryota,Eukaryota,asv382,,Eukaryota,Eukaryota,
CAATAGCGTATATTAACTTTGTTGCAGTTAAAAGGCTCGTAGTCGAATTTATGGCTTTGTGTTCTCGGCCCACTGCCATGCGTAGTGAGTGCTGACGTGCACAGGTCATCCTTCTGGAAAGCACCTCTGGCCTTTATTGGTTGGTTGTTGCGATCCAGATCATTTACTGTGAGTAAATCAAA,,,Eukaryota,Eukaryota,Eukaryota,Eukaryota,Eukaryota,Eukaryota,Eukaryota,asv387,,Eukaryota,Eukaryota,
CAATAGCGTATATTAAAGTTGTTGCAGTTAAAAAGCTCGTAGTTGGATTTCTGGTTGTGGGTTCCTGGTCCGGTGGTCACCTTAGGGTGCTGCTGTGTATCGGTGTTTAGCCCCAATCATCCTTCCACGTCGTTTCGGTCTACTCTTTATTGAGTTTTGGACCTGAAGCCGTGGATCGTTTA,,,Eukaryota,Eukaryota,Eukaryota,Eukaryota,Eukaryota,Eukaryota,Eukaryota,asv399,,Eukaryota,Eukaryota,
CAGTAGCGTATATTAAAGTTGTTGCAGTTAAAAAGCTCGTAGTTGGATTTCTGGCATATTACGCCTGGTCCGCCCGCGACTAGCGGTGTGAGTACCGGTGCGCGGTTGCCATCCTTCTAGAGAATGGGTTTACCCTTCATTGGGCCGGATCCAGAATCTAGATCATTTACTTTGAAAAAATT,,,Eukaryota,Eukaryota,Eukaryota,Eukaryota,Eukaryota,Eukaryota,Eukaryota,asv400,,Eukaryota,Eukaryota,
CAATAGCGTATATTAAAGTTGTTGCAGTTAAAAAGCTCGTAGTTGGATTTCTGGTTGTGGGTTCCTGGTCCGGTGGTCACCTTAGGGTGCTGCTGTGTATCGGTGTTTTAGCCCCAATCATCCTTCCACGTCGTTTCGGTCTACTCTTTATTGAGTTTTGGACCTGAAGCCGTGGATCGTTT,,,Eukaryota,Eukaryota,Eukaryota,Eukaryota,Eukaryota,Eukaryota,Eukaryota,asv404,,Eukaryota,Eukaryota,
CAAAAGCGTATATTAAAGTTGCTGCAGTTAAAAAGCTCGTAGTTGGATTTCTGGCGTGACGTGCCCGGCCCGCTACTTTATAGTGGTGTGTGCTGGCGCTGCGTCTGCCATCCTTCCAGAAATTGGTGATACCTTTCGTTAGGTCGTCTGCCAAGGTCTGGATCTTTTACTTTGAAAAAATTAGAGTGTTCAAAGCAGGC,,,Eukaryota,Eukaryota,Eukaryota,Eukaryota,Eukaryota,Eukaryota,Eukaryota,asv414,,Eukaryota,Eukaryota,
CAATAGCGTATATTAAAGTTGTTGCAGTTAAAAAGCTCGTAGTTGGATTTCTGGATTGGCATGGGTGGTCCACCTCTGGTGAGCACTACTCGGCCGGTCCTTCCTCTCGAAGACTGTGTGTGCCCTTAACTGGGTGTGCGCAGGAGTCGGGACCTTTACTTTGAAAAAATTAGAGTGTTCAA,,,Eukaryota,Eukaryota,Eukaryota,Eukaryota,Eukaryota,Eukaryota,Eukaryota,asv422,,Eukaryota,Eukaryota,
CAATAGCGTATATTAAAGTTGTTGCAGTTAAAAAGCTCGTAGTTGGATTTCTGTTCAAGATGACCGGTCGGCACTTTGTGTTTGATCTGGAACAACTTGGACATTTCTCTGGAACTGCTGTGCCTTTGGTACGGTTAGGCTCCAGAACCTTTACTTTGAGAAAATTAGAGTGTTTCAAGCAAGCATTTGCTTTGAATACT,,,Eukaryota,Eukaryota,Eukaryota,Eukaryota,Eukaryota,Eukaryota,Eukaryota,asv430,,Eukaryota,Eukaryota,
CAGTAGCGTATATTAAAGTTGTTGCAGTTAAAAAGCTCGTAGTTGGATCTCTGGTTGGAGCGTTGGGCCCGCCCGGGTTACCGGTGTGAGTGCCCGTTCGCTCTTTCCATCCTTCTAGAGAACGGTTCTCTCCTTTATTGGTTGTGGGATCGCAATCTAGATCTTTTACTTTGAAAAAATTA,,,Eukaryota,Eukaryota,Eukaryota,Eukaryota,Eukaryota,Eukaryota,Eukaryota,asv44,,Eukaryota,Eukaryota,
CAATAGCGTATCTTAAAGTTGTTGCAGTTAAAAAGCTCGTAGTTGGATTTTGGGAGTGCGTGAGCGGACGGTCCGTCACAACGACGTGTGCCTCCGGTCCACTCCTTTGCTTCGCACTGCGTTCCGGCGCCATTTGTTTGGCGGCGGGTCGACGCGTGCGATCATTTACTTTGAAAAAATTA,,,Eukaryota,Eukaryota,Eukaryota,Eukaryota,Eukaryota,Eukaryota,Eukaryota,asv452,,Eukaryota,Eukaryota,
CAATAGCGTATATTAATGTTGTTGCGGTTAAAAAGCTCGTAGTTGGATCTCGGCGGTCAGGGGACGGTTCGTTATTCGACGCTACTGTCCCATTTGGCCGTGTTTTTGGTCGGAGGTCCTGGGGTTCTCTTAACCAAGTGTCCCAGGGCGCCGTCCGGTTTACTTTGAAAAAATTAGAGTGC,,,Eukaryota,Eukaryota,Eukaryota,Eukaryota,Eukaryota,Eukaryota,Eukaryota,asv464,,Eukaryota,Eukaryota,
CAGTAGCGTATATTAAAGTTGTTGCTGTTAAAAAGCTCGTAGTTGGATTTCTGGCGCGAAGGCCCTGGCCCGGCACCACTAGGTGCTGCGCGCTGGGTGTGTTCCGCCATCCTTCCGGAGAGCGCGTGTGGCGCTTCGTTGTGTCGCGCGCGTGGTTCGGATCGTTTACTTTGAGTAAATCAGGGTGTTCAAAGCAGGCA,,,Eukaryota,Eukaryota,Eukaryota,Eukaryota,Eukaryota,Eukaryota,Eukaryota,asv478,,Eukaryota,Eukaryota,
CAATAGCGTATATTAAAGTTGTTGCAGTTAAAAAGCTCGTAGTTGGATTTCTGGTGTGGAGCGCTTGACCCGCCGCGGTTTCGCGTGTGAGTGTCGGTGTGCTCTGCCCATCCTTCTAGAAATTGGCTCTGCCCTTCACTGGGTTGGGGTCAGGATCTAGATCTTTTACTTTGAAAAAATTA,,,Eukaryota,Eukaryota,Eukaryota,Eukaryota,Eukaryota,Eukaryota,Eukaryota,asv486,,Eukaryota,Eukaryota,
CAGTAGCGTATATTAAAGTTGTTGCAGTTAAAAAGCTCGTAGTTGGATTTCTGGCGTGACGCGCCTGGCCCGCCGTGTTTAACACGTGTGTGTGCCGGATTGTGCGTCTGCCATCCTTCTAGAGAACGATTTTCTTCCTTCACTGGTTAGAATTTCGGAATCTAGATCTTTTACTTTGAAAAAATTAGAGTGTTCAAAGC,,,Eukaryota,Eukaryota,Eukaryota,Eukaryota,Eukaryota,Eukaryota,Eukaryota,asv49,,Eukaryota,Eukaryota,
CAGTAGCGTATATTAAAGTTGTTGCAGTTAAAAAGCTCGTAGTTGGATTTCTGGCTTGAGACGCCTGAGCCGCCAGGGTTACCTGTGTGAGTCTCGGTGTGTCTCTGCCATCCTTCTGGATAGCGTGTCTACCTTTTATTAGGCCGGGCTCGTGCTCCAGATCTTTTACTTTGAAAAAATTAGAGTGTTTAAAGCAAGCT,,,Eukaryota,Eukaryota,Eukaryota,Eukaryota,Eukaryota,Eukaryota,Eukaryota,asv492,,Eukaryota,Eukaryota,
CAATAGCGTATATTAAAGTTGTTGCAGTTAAAAAGCTCGTAGTTGGATTTCTGGCTCGCTGCGCCTGGCCCGCCCGCGTTAGCGGTGTGAGTGCCGGTTTTGCGCGGTGGCCATCCTTCGGGAGAACGGGCCTGCCCTTCACTGGGTTGGGTCCGCGACCCCGATCGTTTACTTTGAAAAAA,,,Eukaryota,Eukaryota,Eukaryota,Eukaryota,Eukaryota,Eukaryota,Eukaryota,asv497,,Eukaryota,Eukaryota,
CAGTAGCGTATATTAAAGTTGCTGCAGTTAAAAAGCTCGTAGTTGGATTTCTGGTGTGAGGCGCCTGGCCCGCCGCTTCGAGCGTGTGAGTGCCGGTTGTGGCTCCGCCATCCTTCTGGGGAGCGTGCCTACCCTTTATTGGGCCGGGTACGGGACCCAGATCGTTTACTTTGAGTAAATTA,,,Eukaryota,Eukaryota,Eukaryota,Eukaryota,Eukaryota,Eukaryota,Eukaryota,asv507,,Eukaryota,Eukaryota,
CAATAGGATATATCAAAGTTGTTGCAGTTGAAAAGCTCGTAGTCGTATTTCTGGTGGGTTGATGTGGCGACATGGATGAACGCAAGTTTGTTGTGATTGCTACCGCCCGCCATTTTGTGGAACTAAGGGGTTAGTTTGAGGGTTTATTCACTCGATTAGCTCCTCCACTCCGTCACTGAGAGCAAATTGGAGTGCTCAAA,,,Eukaryota,Eukaryota,Eukaryota,Eukaryota,Eukaryota,Eukaryota,Eukaryota,asv509,,Eukaryota,Eukaryota,
CAATAGCGTATATTAATGTTGTTGCAGTTAAAAAGCTCGTAGTTGAAATTCCGAGATAAGCTTGATAAAAGCTGACTCTCAAAACATAGACGAACCATGTGAATTAACTTTTATGTGGCAAGAATATGTGTTTTACTGTGAACAAATTAGGGTGTTCAAAGCAGGCTAAAGTTCAAATAAAC,,,Eukaryota,Eukaryota,Eukaryota,Eukaryota,Eukaryota,Eukaryota,Eukaryota,asv511,,Eukaryota,Eukaryota,
CAATAGCGTATATTAAAGTTGTTGCAGTTAAAAAGCTCGTAGTTGGATTTCTGGTAGGAGCGACCATGCCGGGCTTGATTGTCTGTGCAATGTGTTGTCTCCAGCCATCCTCGTGGAGAGCGTTTTTGGCATTAATTTGTCGGAGGCGGGACCCGCGTCATTTACTGTGAAAAAATTAGAGT,,,Eukaryota,Eukaryota,Eukaryota,Eukaryota,Eukaryota,Eukaryota,Eukaryota,asv530,,Eukaryota,Eukaryota,
CAATAGCGTATATTAAAGTTGTTGCAGTTAAAAAGCTCGTAGTTGGATTTCTGGCTCGCTGCGCCTGGCCCGCCCGCGTTAGCGGTGTGAGTGCCGGTTGCGCGGTAGCCATCCTTCTGGAGAACGGGCCTGCCCTTCATTGGGTGGGGTCCGCGACCCAGATCGTTTACTTTGAAAAAATT,,,Eukaryota,Eukaryota,Eukaryota,Eukaryota,Eukaryota,Eukaryota,Eukaryota,asv536,,Eukaryota,Eukaryota,
CAATAGCGTATATTAAAGTTGTTGCAGTTAAAAAGCTCGTAGTTGGATTTCGGGATGAGAAGCATGGTCTACCGAAAGGTGTGTACTAGGCGGCTCATTCTTCCTTCTGTAGACCTTTGTGGTTCTTGATTGGATTGCAGAGTGGATGCAGAACGTTTACTTTGAATAAATTAGAGTGTTCA,,,Eukaryota,Eukaryota,Eukaryota,Eukaryota,Eukaryota,Eukaryota,Eukaryota,asv550,,Eukaryota,Eukaryota,
CAGTAGCGTATATTAAAGTTGTTGCAGTTAAAAAGCTCGTAGTTGGATTTCTGGCTGACCGCGTATGGTCCGACGCCCTCAGGGTGTTGTGTACTGTCGCGCGTTTGCCATCCTTCCGGAAAGCTGTGCCTACCGTCTCGCACGGAAGGGCGCTGCGATCTGGATCGTTTACTTTGAAAAAATTAGAGTGTTCCAAGCAA,,,Eukaryota,Eukaryota,Eukaryota,Eukaryota,Eukaryota,Eukaryota,Eukaryota,asv565,,Eukaryota,Eukaryota,
CAAAAGCGTATATTAAAGTTGCTGCAGTTAAAAAGCTCGTAGTTGGATTTCTGGCGTGACGTGCCCGGCCCGCTGCTTTATAGTGGTGTGTGCTGGCGCTGCGTCTGCCATCCTTCCAGAGATTGGTGATACCTTTCGTTAGGTCGTCTGCCAAGGTCTGGATCTTTTACTTTGAAAAAATT,,,Eukaryota,Eukaryota,Eukaryota,Eukaryota,Eukaryota,Eukaryota,Eukaryota,asv57,,Eukaryota,Eukaryota,
CAATAGCGTATATTAAAGTTGTTGCAGTTAAAAAGCTCGTAGTTGGATTTCTGGCTTGGTATGGGTGGTCCACCTCTGGTGAGCACTGCTCGGCCGAGCCTTCCTCTCGAAGACCACGTGTGCCCTTAACTGGGTGTGCGTGGGAGTCGGGACCTTTACTTTGAAAAAATTAGAGTGTTCAA,,,Eukaryota,Eukaryota,Eukaryota,Eukaryota,Eukaryota,Eukaryota,Eukaryota,asv587,,Eukaryota,Eukaryota,
CAATAGCGTATATTAATGTTGTTGCAGTTAAAAAGCTCGTAGTTGAAGTAATGAGTTTTGCACTGAAAAATCGGTGCAAGCTCAAATGTACAAACTGCCGGATCTTCATTAACTTGGAGGCTCGGTTTGTTGTACCGTTTACTGTGAACAAATTAGGGTGTTTAAAGCAGGCCTATGTTTGAATACACTAGCATGGAATA,,,Eukaryota,Eukaryota,Eukaryota,Eukaryota,Eukaryota,Eukaryota,Eukaryota,asv593,,Eukaryota,Eukaryota,
CAATAGCGTATATTAAAATTGTTGCGGTTAAAACGCTCGTAGTTGGATATCTGTGAGCGGGTTCCGGTCCTTCCCAGTGAAGATTACACGGAACTCTGCTCGCATTTGTTCAGGGAGGGTGGATGCACTTCACTGTGTGACCACATGATCTGAATTTTTACTTTGAGGAAATGAGAGTGTTC,,,Eukaryota,Eukaryota,Eukaryota,Eukaryota,Eukaryota,Eukaryota,Eukaryota,asv605,,Eukaryota,Eukaryota,
CAGTAGCGTATATTAATGTTGTTGCAGTTAAAAAGCTCGTAGTTGGATTTCTAGTCGACATGCGTGGCCCGCCACTTTCAAAGTGTGTGAGTGCCACAGTGTGTCGCCTATCCTATCAGTTTACCCGGGCTTCGGTCTGTGGTGTACTGGTTCTTTTACTTTGAAAAAATTAGAGTGTTTAAAGCAGGCTTGCGCAATGA,,,Eukaryota,Eukaryota,Eukaryota,Eukaryota,Eukaryota,Eukaryota,Eukaryota,asv625,,Eukaryota,Eukaryota,
CAATAGCGTATATTAAAGTTGTTGCAGTTAAAAAGCTCGTAGTTGGATTTCTGGTAGGAGCGACCATGCCGGGCTTGATTGTCCGTGTTTTGTGTTGTCTCCAGCCATCCTCGTGGAGAGCGTTTCTGGCATTAGTTTGTTGGAGGCGGGACCCGCGTCATTTACTGTGAAAAAATTAGAGTGTTTAAAGCAGGCAATTG,,,Eukaryota,Eukaryota,Eukaryota,Eukaryota,Eukaryota,Eukaryota,Eukaryota,asv69,,Eukaryota,Eukaryota,
CAATAGCGTATATTAAAGTTGTTGCAGTTAAAAAGCTCGTAGTTGGATGTCTGGCGCTGTGTTGCGGTCCACCGCAAGGTGAGCACTGCGATGTGGTGTCTTCCTCTCGAAGGGGTTGTGTGCTCTTAGTTGAGTGTGCGATTTTTTTGGGATCTTTACTTTGAAAAAATTAGAGTGTTCAA,,,Eukaryota,Eukaryota,Eukaryota,Eukaryota,Eukaryota,Eukaryota,Eukaryota,asv691,,Eukaryota,Eukaryota,
CAATAGCGTATATTAAAGTTGTTGCGGTTAAAAAGCTCGTAGTTGGATTTTTGGGTTGGCATCATTGGTCCAACACTGTTGAGTACCGATGAGTCGACTCTTTTGTCTTGAGACTTGTGTGCAGCCTTGATTGGTTGTGCATGGGGATCTATGACATTTACTTTGAACAAATTAGAGTGTTT,,,Eukaryota,Eukaryota,Eukaryota,Eukaryota,Eukaryota,Eukaryota,Eukaryota,asv696,,Eukaryota,Eukaryota,
CAATAGCGTATATTAAAGTTGTTGCAGTTAAAAAGCTCGTAGTCGAATTTCGGATTTGGCCTACTGGTCCACCTTATGGTCGGTACTGGTTAGGTCGGATCTTACCTTCTGGGGAACGTTTGTGCTCTTTATTGAGTGTGATCGGGAACCAGAACATTTACTTTGAAAAAATTAGAGTGTTTAAGGCAGGCTTATGCTTG,,,Eukaryota,Eukaryota,Eukaryota,Eukaryota,Eukaryota,Eukaryota,Eukaryota,asv712,,Eukaryota,Eukaryota,
CAGTAGCGTATATTAAAGTTGTTGCAGTTAAAAAGCTCGTAGTTGGATTTCTGGCTTGAGACGCCTGGTCCGCCAGGGTTACCTGTGTGAGTACCGGTGTGTCTCTGCCATCCTTCTGGATAGCGTGTCTACCTTTTATTAGGCCGGGCTCGTGCTCCAGATCTTTTACTTTGAAAAAATTAGAGTGTTTAAAGCAAGCT,,,Eukaryota,Eukaryota,Eukaryota,Eukaryota,Eukaryota,Eukaryota,Eukaryota,asv720,,Eukaryota,Eukaryota,
ATACTTAAACATCACAGCAGCGACTATGGAAGAAGTTTACAAACGTGCTGAGTATGCTAAGAGCGTTGGTTCGATCGTTGTTATGATCGATTTAGTAATGGGTTATACAGCAATTCAAAGTATTGCTTTATGGGCTCGTGAAAACGACATGCTTTTACATTTACATCGTGCTGGTAACTCTA,,,Eukaryota,Eukaryota,Eukaryota,Eukaryota,Eukaryota,Eukaryota,Eukaryota,asv745,,Eukaryota,Eukaryota,
CAATAGTGTATATTAACGTTGTTGCAGTTAAAAGGCTCGTAGTCGAACTTGTGGCATTGCCAACTGGAACCATTGCTACGCGCAGTGGCTTTTCGTGTTGTCTTGCCATCTTTTCGGAGAATGCTTCTTGCTCTTCACTGAGTAGTTGTGTCATCCGGATCCTTTACTGTGAGTAAATCAAA,,,Eukaryota,Eukaryota,Eukaryota,Eukaryota,Eukaryota,Eukaryota,Eukaryota,asv80,,Eukaryota,Eukaryota,
CAGTAGCGTATATTAAAGTTGTTGCAGTTAAAAGGCTCGTAGTCGAACTTATGACCCTGTGAACCTGACCCACTCTTTAGTGGAGTGAGTGTCGGTGTGCACGGGTCATCTTTCTGGAGAGCACTTCTGCCCTTGATTGGGTTGGTTGTGTAATTCGGATCATTTACTGTGAGTAAATCAAA,,,Eukaryota,Eukaryota,Eukaryota,Eukaryota,Eukaryota,Eukaryota,Eukaryota,asv802,,Eukaryota,Eukaryota,
CAATAGGATATATCAAAGTTGTTGCAGTTGAAAAGCTCGTAGTCGTATTTCTGGTGGGTTGATGTCTTCCCTACCGGGGCGCAAGCTCTGGAGGGCAGGGCCGCCTGCCATTTTGTGGGATCCAGTGGCGAGTTTGGGGTTTACTCCTCGAGCTCGTCGCTCCACTCCGTCACTGAGAGCAAATTGGAGTGCTCAAAGCA,,,Eukaryota,Eukaryota,Eukaryota,Eukaryota,Eukaryota,Eukaryota,Eukaryota,asv820,,Eukaryota,Eukaryota,
CAATAGCGTATATTTAAGTTGTTGCAGTTAAAAAGCTCGTAGTTGAACTTCTGTTGGAGGTGTTAGTCTACTATTAGTGGTATTAACATTCTCTAGCATTTTTCTGGAGTTGACACTTCGTGTTGGCTCTGGAGCTGATACTTTGAGAAAATTAGAGTGTTCCAAGCAGGCGTCAGCCTGAATACTGCAGCATGGGATAT,,,Eukaryota,Eukaryota,Eukaryota,Eukaryota,Eukaryota,Eukaryota,Eukaryota,asv83,,Eukaryota,Eukaryota,
CAATAGCGTATATTAAAGTTGTTGCAGTTAAAAAGCTCGTAGTTGGACTTCTGGCATGCTGCGCCTGGCCCGCCCGCGTTAGCGGTGTGAGTGCCGGTTTGCGCGGTTGCCATCCTCTAGAGAAACTGGCCTGCCCTTCACTGGGAGGGGTCAGCGACTCTAGACATTTACTTTGAAAAAATTAGAGTGTTTAAAGCAGG,,,Eukaryota,Eukaryota,Eukaryota,Eukaryota,Eukaryota,Eukaryota,Eukaryota,asv922,,Eukaryota,Eukaryota,
CAATAGCGTATATTAAAGTTGTTGCAGTTAAAAAGCTCGTAGTTGGATTTCTGGTACGGTGTACCTGGTCCGCCCCTTTATGGTGTGTGTGTACCGGAGTGCGCCTGCCATCCTTCTGGGGAGCGCTGTCTACCCTTCACTGGGCCGGGCGCGCGACTCAGATCGTTTACTTTGAAAAAATTAGAGTGTTCAAAGCAGGC,,,Eukaryota,Eukaryota,Eukaryota,Eukaryota,Eukaryota,Eukaryota,Eukaryota,asv923,,Eukaryota,Eukaryota,
CAATAGCGTATATTAAAGTTGTTGCAGTTAAAAAGCTCGTAGTTGGATTTCTGATCGGAGCGACCATGCCGGACTTGATTGTCCGTGTTTTGTGTTGTCTCCAGTCTTCCTCGTGGAGAGCGTTTCTGGCATTAGTTTGTTGGAGGCGGGACCCACGTCATTTACTGTGAAAAAATTAGAGT,,,Eukaryota,Eukaryota,Eukaryota,Eukaryota,Eukaryota,Eukaryota,Eukaryota,asv93,,Eukaryota,Eukaryota,
CAGTAGCGTATATTAAAGTTGTTGCAGTTAAAAAGCTCGTAGTTGGATTTCTGGTTGACCGAGATGGCCCGGTTTCTATTTGAGACTGCGTGCTTGTCTTTTGAGTTTACCATCCTTCCAGAAAGTTGTGCCTACCGCGTCAAGCGGCCGGGCGCTGCGATCTGGATCTTTTACTTTGAAAA,,,Eukaryota,Eukaryota,Eukaryota,Eukaryota,Eukaryota,Eukaryota,Eukaryota,asv980,,Eukaryota,Eukaryota,
CAATAGCGTATATTAAAGTTGTTGCAGTTAAAAAGCTCGTAGTTGGATTTCTGGTCCTTCGTTTGTGTCCTCCGAAAGGAGTGAACGCAAGGGGAGGGTCATCCTCTCGAAGACTGCGTGTGCTCTTAACTGAGTGTGCGGAGGATTCGGGACCTTTACTTTGAAAAAATTAGAGTGTTCAA,,,Eukaryota,Eukaryota,Eukaryota,Eukaryota,Eukaryota,Eukaryota,Eukaryota,asv995,,Eukaryota,Eukaryota,
CAATAGCGTATATTAAAGTTGTTGCAGTTAAAAAGCTCGTAGTTGGATATCTGGTGGGAGCAATGGGTCTCGCGCTTAGCGCGGGTACTTCAATTGACTCCGGCCATCCTTGGGGAGAGCCCGTCTGGCATTAGGTTGTCGGGCGGGGGATCCCCATCGTTTACTGTGAAAAAATTAGAGTGTTCAAAGCAGGCTTATGC,,,Eukaryota,Ochrophyta,Diatomea,Bacillariophytina,Mediophyceae,Odontella,Odontella,asv17,,Eupodiscales,Odontella,
CAATAGCGTATATTAAAGTTGTTGCAGTTAAAAAGCTCGTAGTTGGATTTGTGGTTGGGTCTGTCGGTCCGGCACATTGTGCGGGTACTTGATGGACTCGGCCATCCTTGGGTGGAATCTGTGTGGCATTAAGTTGTCGTGCAGGGGATGCCCATCGTTTACTGTGAAAAAATTAGAGTGTT,,,Eukaryota,Ochrophyta,Diatomea,Coscinodiscophytina,Fragilariales,Grammonema,Grammonema,asv1094,,Fragilariales,Grammonema,
CAATAGCGTATATTAAAGTTGTTGTAGTTAAAAAGCTCGTAGTTGGATTTGTGGTTGAGCTGTCCGGTCCGACACTTTTGTGTGGGTACTTGGACGGCTCGTCCATCCTTGGGTGGAATCTGTGTGGCATTAGGTTGTCGTGCAGGGGATGCCCATCTTTTACTGTGAAAAAATTAGAGTGT,,,Eukaryota,Ochrophyta,Diatomea,Coscinodiscophytina,Fragilariales,Tabularia,Tabularia,asv121,,Fragilariales,Tabularia,
CAATAGCGTATATTAAAGTTGTTGCAGTTAAAAAGCTCGTAGTTGGATTTGTGGTTGATCTGTCCGGTCCTATACTTTTGTGTGGGTACTTGGACGGGTCGTCCATCCTTGGGTGGAATCTGTGTGGCATTAGGTTGTCGTGCAGGGGATGCCCATCTTTTACTGTGAAAAAATTAGAGTGT,,,Eukaryota,Ochrophyta,Diatomea,Coscinodiscophytina,Fragilariales,Tabularia,Tabularia,asv125,,Fragilariales,Tabularia,
CAATAGCGTATATTAAAGTTGTTGCAGTTAAAAAGCTCGTAGTTGGATTTGTGGTTGAGCTGTCCGGGCCGACACTTTTGTGTGGGTACTTGGACGGCTCGTCCATCCTTGGGTGGAATCTGTGTGGCATTAGGTTGTCGTGCAGGGGATGCCCATCTTTTACTGTGAAAAAATTAGAGTGT,,,Eukaryota,Ochrophyta,Diatomea,Coscinodiscophytina,Fragilariales,Tabularia,Tabularia,asv376,,Fragilariales,Tabularia,
CAATAGCGTATATTAAAGTTGTTGCAGTTAAAAAGCTCGTAGTTGGATTTGTGGTTGAGCTGTCCGGTCCGACACTTTTGTGTGGGTACTTGGACGGCTCGTCCATCCTTGGGTGGAATCTGTGTGGCATTAGGTTGTCGTGCAGGGGATGCCCATCTTTTACTGTGAAAAAATTAGAGTGTTCAAAGCAGGCTTATGCC,,,Eukaryota,Ochrophyta,Diatomea,Coscinodiscophytina,Fragilariales,Tabularia,Tabularia,asv4,,Fragilariales,Tabularia,
CAATAGCGTATATTAAAGTTGTTGCAGTTAAAAAGCTCGTAGTTGGATTTGTGGTTGATCTGTCCGGTCCAACACTTTTGTGTAGGTACTTGGACGGGTCGTCCATCCTTGGGTGGAATCTGTGTGGCATTAGGTTGTCGTGCAGGGGATGCCCATCTTTTACTGTGAAAAAATTAGAGTGTTCAAAGCAGGCTTATGCC,,,Eukaryota,Ochrophyta,Diatomea,Coscinodiscophytina,Fragilariales,Tabularia,Tabularia,asv670,,Fragilariales,Tabularia,
CAATAGCGTATATTAAAGTTGTTGCAGTTGAAAAGCTCGTAGTTGGATTTGTGGTTGAGCTGTCCGGTCCAACACTTTTGTGTGGGTACTTGGACGGCTCGTCCATCCTTGGGTGGAATATGTGTGGCATTAGGTTGTCGTGCAGGGGATGCCCATCTTTTACTGTGAAAATTAGAGTATGC,,,Eukaryota,Ochrophyta,Diatomea,Coscinodiscophytina,Fragilariales,Tabularia,Tabularia,asv796,,Fragilariales,Tabularia,
CAATAGCGTATATTAAAGTTGTTGCAGTTAAAAAGCTCGTAGTTGGATTTGTGGTTGGAGTGGTCGGTCCGACACAGTGTGTGGGTACTTGACTTTCTCCGTCCATCCTTGGGTGGAATCTGTGTGGCATTAAGTTGTCGTGCAGGGGATGCCCATCATTTACTGTGAAAAAATTAGAGTGT,,,Eukaryota,Ochrophyta,Diatomea,Coscinodiscophytina,Fragilariales,Licmophora,Licmophora,asv231,,Licmophorales,Licmophora,
CAATAGCGTATATTAATTTTGTTGCAGTTAAAAAGCTCGTAGTTGGATTTGTGGTTGGAGTGGTCGGTCCGACACGTTGTGTGGGTACTTGAGCAATCTGTCCATCTTTGGTCTGAATCTTTGTGGCATTAAGTTGTCGTGGAGGGGAGGGCCATCATTTACTGTGAAAAAATCAGAGTGTTCAAAGCAGGCTTATGCCG,,,Eukaryota,Ochrophyta,Diatomea,Coscinodiscophytina,Fragilariales,Licmophora,Licmophora,asv339,,Licmophorales,Licmophora,
CAATAGCGTATATTAAAGTTGTTGCAGTTAAAAAGCTCGTAGTTGGATTTGTGGTTGTTGCGTGCTCCCCGGCACTTGATTGTGTTGTGGGTTTTGCATGCGACTCCATCCTTGGGTGGATTTTGTGTGGCATTGAGTTGTCGTGCAGGGGATGCCCATCGTTTACTGTGAAAAAATTAGAGTGTTCAAAGCAGGCTTTT,,,Eukaryota,Ochrophyta,Diatomea,Coscinodiscophytina,Fragilariales,Licmophora,Licmophora,asv709,,Licmophorales,Licmophora,
CAATAGCGTATATTAAAGTTGTTGCAGTTAAAAAGCTCGTAGTTGAATTTCTGGCAAGGGCCATCAAATTTCCACATGGTGGATTGTGTGGTGGCCCTTGCCTTCTTTGGGTGAAGTTCCGGTGGCATTAACTTGTTGCTGTTACGACATCCATCGTTTACTGTGAAGAAATTAGAGTGTTC,Melosira nummuloides,,Eukaryota,Ochrophyta,Diatomea,Diatomea,Diatomea,Diatomea,Diatomea,asv182,Melosira,Melosirales,Melosira,yes
CAATAGCGTATATTAAAGTTGTTGCAGTTAAAAAGCTCGTAGTTGAGTTTCTGGGTGGAGCGGTCAGTCCCTCACTTGTTGGGGGTACTTGCTCCGTTTCTACCCATCTTTGGGAAGAACCTTTGTGGCATTAAGTTGTCGCTTTGGAGATTCCCATCATTTACTGTGAAGAAATTAGAGTG,,,Eukaryota,Ochrophyta,Diatomea,Coscinodiscophytina,Melosirids,Hyalodiscus,Hyalodiscus,asv177,,Melosirales,Hyalodiscus,
CAATAGCGTATATTAAATTTGTTGCAGTTAAAAAGCTCGTAGTTGAATCTTTGGTATAGGTGGCCGACCTTTCACTTTGTGGATTATGTGGTAGCCTGTGCCTTTCTTGAGTAAAGTTTGGATGGCATTAATTTGTTGCTCTTACAATACTCCTCGTTTACTGTGAAGAAATTAGGGTGTTC,,,Eukaryota,Ochrophyta,Diatomea,Coscinodiscophytina,Melosirids,Melosira,Melosira,asv155,,Melosirales,Melosira,
CAATAGCGTATATTAAAGTTGTTGCAGTTAAAAAGCTCGTAGTTGAATTTCTGGCAAGGGCTATCAAATTTCCACATGGTGGATTGTGTGGTAGCCCTTGCCTTCTTTGGGTGAAGTTTTGGTGGCATTAATTTGTTGCTGTTACGACATCCATCATTTACTGTGAAGAAATTAGAGTGTTC,,,Eukaryota,Ochrophyta,Diatomea,Coscinodiscophytina,Melosirids,Melosira,Melosira,asv438,,Melosirales,Melosira,
CAATAGCGTATATTAAAGTTGTTGCAGTTAAAAAGCTCGTAGTTGGATTTCTGGTCGGACCGATCGGTCCTGCACTTGATGTAGGTACTTGATCGCGTCTGATCATCCTTGGGGAGAGCCTGTGTGGCATTAAGTTGTCGTGCTGGGGATCCCCATCGTTTACTGTGAATAAATTAGAGTGTTTCAAGCAGGCTTACGCC,,,Eukaryota,Ochrophyta,Diatomea,Coscinodiscophytina,Melosirids,Stephanopyxis,Stephanopyxis,asv993,,Melosirales,Stephanopyxis,
CAATAGCGTATATTAAAGTTGTTGCAGTTAAAAAGCTCGTAGTTGGATTTGTGGCGGTTGTTGCGGTCCATTTTTGGTACTGCGGCGACTGCCATCCTTGAGTGGAACCTGTGTGGCATTAGGTTGTCGTGCAGGGGATGCTCATCGTTTACTGTGAAAAAATTAGCGCGTTCAAAGCAAGC,,,Eukaryota,Ochrophyta,Diatomea,Coscinodiscophytina,Fragilariales,Fragilariales,Fragilariales,asv183,Berkeleya,Naviculales,Berkeleya,yes
CAATAGCGTATATTAAAGTTGTTGCAGTTAAAAAGCTCGTAGTTGGATTTGTGGTGTGTGCTGTGGCGTCCATTTGTTTGGTTCTGCCGTGGCCGCGCCATCCTTGGGTGGATTTTGTGTGGCATTAGGTTGTCGTGCAGAGGATGCCCATCGTTTACTGTGAAAAAATTAGAGTGTTCAAA,,,Eukaryota,Ochrophyta,Diatomea,Bacillariophytina,Bacillariophyceae,Fistulifera,Fistulifera,asv618,,Naviculales,Fistulifera,
CAATAGCGTATATTAAAGTTGTTGCAGTTAAAAAGCTCGTAGTTGTATTTGTGGCGTGCGTTGGGCTGCCTTTCCCTATCGGGATTTGGTGTTGCCTGGCGTTGCCATCCTTGGGTGGAATCTGTGTGGCATTAGGTTGTCGTGCAGGGGATATCCATCGTTTACTGTGAAAAAATTAGAGTGTTCAAAGCAGGCTTACG,,,Eukaryota,Ochrophyta,Diatomea,Bacillariophytina,Bacillariophyceae,Gyrosigma,Gyrosigma,asv427,,Naviculales,Gyrosigma,
CAATAGCGTATATTAAAGTTGTTGCAGTTAAAAAGCTCGTAGTTGGATTTGTGGCGTACGATGTGTTCCCGGCACTTGTTGTCGGTGTTTTATGTCGTTGCCATCCTTGGGTGGAATCTGTGTGGCATTAGGTTGTCGTGCAGGGGATGCCCATCTTTTACTGTGAAAAAATTAGAGTGTTC,,,Eukaryota,Ochrophyta,Diatomea,Bacillariophytina,Bacillariophyceae,Haslea,Haslea,asv602,,Naviculales,Haslea,
CAATAGCGTATATTAAAGTTGTTGCAGTTAAAAAGCTCGTAGTTGGATCTGTGGTGTGTGGTGGGCTCCGGGCACTTGTTGTCTGAGTAGCTTGCCGCTGCCATCCTTGGGTGGAACCTGTGTGGCATTAGGTTGTCGTGCAGGGGATGCCCATCGTTTACTGTGAAAAAATTAGAGTGTTC,,,Eukaryota,Ochrophyta,Diatomea,Bacillariophytina,Bacillariophyceae,Navicula,Navicula,asv1093,,Naviculales,Navicula,
CAATAGCGTATATTAAAGTTGTTGCAGTTAAAAAGCTCGTAGTTGGATTTGTGGCGTACGGTGTGTTCCGGGCACTTGTTGTCTGAGTAATACGCTGTTGCCATCCTTGGGTGGAACCTGTGTGGCATTAGGTTGTCGTGCAGGGGATGCCCATCATTTACTGTGAAAAAATTAGAGTGTTCAAAGCAGGCTTATGCCGT,,,Eukaryota,Ochrophyta,Diatomea,Bacillariophytina,Bacillariophyceae,Navicula,Navicula,asv148,,Naviculales,Navicula,
CAATAGCGTATATTAAAGTTGTTGCAGTTAAAAAGCTCGTAGTTGGATTTGTGGCGTATGGTGGGTCCCGGGCACTTGTTGTCTGAGTGATTTGCCATTGCCATCCTTGGGTGGAACCTGTGTGGCATTAGGTTGTCGTGCAGGGGATGCCCATCGTTTACTGTGAAAAAATTAGAGTGTTCAAAGCAGGCTTATGCCGT,,,Eukaryota,Ochrophyta,Diatomea,Bacillariophytina,Bacillariophyceae,Navicula,Navicula,asv157,,Naviculales,Navicula,
CAATAGCGTATATTAAAGTTGTTGCAGTTAAAAAGCTCGTAGTTGGATTTGTGGCTTTCGGTGTGTTCCAGGCACTTGTGTCTGAGTAACCTGCTGATGCCATCCTTGGGTGGAACCTGTGTGGCATTAGGTTGTCGTGCAGGGGATGCCCATCATTTACTGTGAAAAAATTAGAGTGTTCAAAGCAGGCTTATGCCGTT,,,Eukaryota,Ochrophyta,Diatomea,Bacillariophytina,Bacillariophyceae,Navicula,Navicula,asv169,,Naviculales,Navicula,
CAATAGCGTATATTAAAGTTGTTGCAGTTAAAAAGCTCGTAGTTGGATTTGTGGCGTATGGTGGGTCCCGGGCACTTGTGTCTGAGTGACTTGCCGTTGCCATCCTTGGGTGGAACCTGTGTGGCATTAGGTTGTCGTGCAGGGGATGCCCATCGTTTACTGTGAAAAAATTAGAGTGTTCAAAGCAGGCTTATGCCGTT,,,Eukaryota,Ochrophyta,Diatomea,Bacillariophytina,Bacillariophyceae,Navicula,Navicula,asv202,,Naviculales,Navicula,
CAATAGCGTATATTAAAGTTGTTGCAGTTAAAAAGCTCGTAGTTGGATTTGTGGCGTACGGCGGGGTCCAGGCACTTGTTGTCTGAGCATCTTGCCGTTGCCATCCTTGGGTGGAACCTGTGTGGCATTAGGTTGTCGTGCAGGGGATGCCCATCGTTTACTGTGAAAAAATTAGAGTGTTC,,,Eukaryota,Ochrophyta,Diatomea,Bacillariophytina,Bacillariophyceae,Navicula,Navicula,asv216,,Naviculales,Navicula,
CAATAGCGTATATTAAAGTTGTTGCAGTTAAAAAGCTCGTAGTTGGATTTGTGGCGCACGGTGTGTTCCGGGCACTTGTTGTCTGAGTAACCTGCCGTTGCCATCCTTGGGTGGAACCTGTGTGGCATTAGGTTGTCGTGCAGGGGATGCCCATCATTTACTGTGAAAAAATTAGAGTGTTCAAAGCAGGCTTATGCCGT,,,Eukaryota,Ochrophyta,Diatomea,Bacillariophytina,Bacillariophyceae,Navicula,Navicula,asv234,,Naviculales,Navicula,
CAATAGCGTATATTAAAGTTGTTGCAGTTAAAAAGCTCGTAGTTGGATTTGTGGCGTTCGGTGGGTTCCGGGCACTTGTTGTCTGAGTAATCCGCTGATGCCATCCTTGGGTGGAACCTGTGTGGCATTAGGTTGTCGTGCAGGGGATGCCCATCATTTACTGTGAAAAAATTAGAGTGTTCAAAGCAGGCTTATGCCGT,,,Eukaryota,Ochrophyta,Diatomea,Bacillariophytina,Bacillariophyceae,Navicula,Navicula,asv25,,Naviculales,Navicula,
CAATAGCGCATATTAAAGTTGTTGCAGTTAAAAAGCTCGTAGTTGGATTTGTGGCGTACGGTGTGTTCCGGGCACTTGTTGTCTGAGTAACCTGCCGTTGCCATCCTTGGGTGGAACCTGTGTGGCATTAGGTTGTCGTGCAGGGGATGCCCATCATTTACTGTGAAAAAATTAGAGTGTTCAAAGCAGGCTTATGCCGT,,,Eukaryota,Ochrophyta,Diatomea,Bacillariophytina,Bacillariophyceae,Navicula,Navicula,asv262,,Naviculales,Navicula,
CAATAGCGTATATTAAAGTTGTTGCAGTTAAAAAGCTCGTAGTTGGATTTGTGGCGTGCGGTGTGTTCCGGGCACTTGTTGTCTGAGTAACCTGCCGTTGCCATCCTTGGGTGGAACCTGTGTGGCATTAGGTTGTCGTGCAGGGGATGCCCATCATTTACTGTGAAAAAATTAGAGTGTTC,,,Eukaryota,Ochrophyta,Diatomea,Bacillariophytina,Bacillariophyceae,Navicula,Navicula,asv276,,Naviculales,Navicula,
CAATAGCGTATATTAAAGTTGTTGCAGTTAAAAAGCTCGTAGTTGGATCTGTGGCGTACGGTGTGTTCCGGGCACTTGTTGTCTGAGTAACCTGCTGTTGCCATCCTTGGGTGGAACCTGTGTGGCATTAGGTTGTCGTGCAGGGGATGCCCATCATTTACTGTGAAAAAATTAGAGTGTTC,,,Eukaryota,Ochrophyta,Diatomea,Bacillariophytina,Bacillariophyceae,Navicula,Navicula,asv284,,Naviculales,Navicula,
CAATAGCGTATATTAAAGTTGTTGCAGTTAAAAAGCTCGTAGTTGGATTTGTGGCGTACGACGGGCTCCGGGCACTTGTTGTCTGAGTAGCTTGTCGTTGCCATCCTTGGGTGGAATCTGTGTGGCATTAGGTTGTCGTGCAGGGGATGCCCATCTTTTACTGTGAAAAAATTAGAGTGTTCAAAGCAGGCTTATGCCGT,,,Eukaryota,Ochrophyta,Diatomea,Bacillariophytina,Bacillariophyceae,Navicula,Navicula,asv292,,Naviculales,Navicula,
CAATAGCGTATATTAAAGTTGTTGCAGTTAAAAAGCTCGTAGTTGGATTTGTGGCGTACGGTGGGTTCCAGGCACTTGTTGTCTGAGTAACTTGCCGTTGCCATCCTTGGGTGGAGCCTGTGTGGCATTAGGTTGTCGTGCAGGGGATGCCCATCTTTTACTGTGAAAAAATTAGAGTGTTC,,,Eukaryota,Ochrophyta,Diatomea,Bacillariophytina,Bacillariophyceae,Navicula,Navicula,asv323,,Naviculales,Navicula,
CAATAGCGTATATTAAAGTTGTTGCAGTTAAAAAGCTCGTAGTTGGATTTGTGGCGTACGGTGAGTTCCGGGCACTTGTTGTCTGAGTAACCTGCTGTTGCCATCCTTGGGTGGAACCTGTGTGGCATTAGGTTGTCGTGCAGGGGATGCCCATCATTTACTGTGAAAAAATTAGAGTGTTCAAAGCAGGCTTATGCCGT,,,Eukaryota,Ochrophyta,Diatomea,Bacillariophytina,Bacillariophyceae,Navicula,Navicula,asv331,,Naviculales,Navicula,
CAATAGCGTATATTAAAGTTGTTGCAGTTAAAAAGCTCGTAGTTGGATTTGTGGCGTGTGGCGAGCTCCGGGCACTTTGTGTCTGAGCAGTTCGCTGCTGCCATCCTTGGGTGGAACCTGTGTGGCATTAGGTTGTCGTGCAGGGGATGCCCATCGTTTACTGTGAAAAAATTAGAGTGTTCAAAGCAGGCTTATGCCGT,,,Eukaryota,Ochrophyta,Diatomea,Bacillariophytina,Bacillariophyceae,Navicula,Navicula,asv375,,Naviculales,Navicula,
CAATAGCGTATATTAAAGTTGTTGCAGTTAAAAAGCTCGTAGTTGGATTTGTGGCGTACGGTGTGTTCCGGGCACTTGTTGTCTGAGTAATCTGCCGTTGCCATCCTTGGGTGGAACCTGTGTGGCATTAGGTTGTCGTGCAGGGGATGCCCATCGTTTACTGTGAAAAAATTAGAGTGTTCAAAGCAGGCTTATGCCGT,,,Eukaryota,Ochrophyta,Diatomea,Bacillariophytina,Bacillariophyceae,Navicula,Navicula,asv379,,Naviculales,Navicula,
CAATAGCGTATATTAAAGTTGTTGCAGTTAAAAAGCTCGTAGTTGGATTTGTGGCGTACGGTGGGTCCCGGGCACTTGTGTCCGAGTGACTTGCCGTTGCCATCCTTGGGTGGAACCTGTGTGGCATTAGGTTGTCGTGCAGGGGATGCCCATCATTTACTGTGAAAAAATTAGAGTGTTCAAAGCAGGCTTATGCCGTT,,,Eukaryota,Ochrophyta,Diatomea,Bacillariophytina,Bacillariophyceae,Navicula,Navicula,asv41,,Naviculales,Navicula,
CAATAGCGTATATTAAAGTTGTTGCAGTTAAAAAGCTCGTAGTTGGATTTGTGGCGTACAGTGGGTTCCAGTCACTTGTTGTCTGAGTAACTTGTTGTTGCCATCCTTGGGTGGAATCTGTGTGGCATTAGGTTGTCGTGCAGGGGATGCCCATCCTTTACTGTGAAAAAATTAGAGTGTTC,,,Eukaryota,Ochrophyta,Diatomea,Bacillariophytina,Bacillariophyceae,Navicula,Navicula,asv446,,Naviculales,Navicula,
CAATAGCGTATATTAAAGTTGTTGCAGTTAAAAAGCTCGTAGTTGGATTTGTGGCGTATGGTGGGTTCCGGGCACTTGTTGTCTGAGTAACTCGCTGTTGCCATCCTTGGGTGGAACCTGTGTGGCATTAGGTTGTCGTGCAGGGGATGCCCATCATTTACTGTGAAAAAATTAGAGTGTTCAAAGCAGGCTTATGCCGT,,,Eukaryota,Ochrophyta,Diatomea,Bacillariophytina,Bacillariophyceae,Navicula,Navicula,asv461,,Naviculales,Navicula,
CAATAGCGTATATTAAAGTTGTTGCAGTTAAAAAGCTCGTAGTTGGATTTGTGGTGTGTGGCGAGCTCCGGGCACTTGTTGTCTGAGCAGTTCGCCGCTGCCATCCTTGGGTGGAACCTGTGTGGCATTAGGTTGTCGTGCAGGGGATGCCCATCGTTTACTGTGAAAAAATTAGAGTGTTC,,,Eukaryota,Ochrophyta,Diatomea,Bacillariophytina,Bacillariophyceae,Navicula,Navicula,asv483,,Naviculales,Navicula,
CAATAGCGTATATTAAAGTTGTTGCAGTTAAAAAGCTCGTAGTTGGATTTGTGGCGTACGGTGGGTTCCGGGCACTTGTTGTCTGAGTAACTTGCTGTTGCCATCCTTGGGTGGAACCTGTGTGGCATTAGGTTGTCGTGCAGGGGATGCCCATCATTTACTGTGAAAAAATTAGAGTGTTCAAAGCAGGCTTATGCCGT,,,Eukaryota,Ochrophyta,Diatomea,Bacillariophytina,Bacillariophyceae,Navicula,Navicula,asv50,,Naviculales,Navicula,
CAATAGCGTATATTAAAGTTGTTGCAGTTAAAAAGCTCGTAGTTGGATTTGTGGCGTACGGTGTGGTCCGGGCACTTGTTGTCTGAGTACCCTGCTGTTGCCATCCTTGGGTGGAACCTGTGTGGCATTAGGTTGTCGTGCAGGGGATGCCCATCATTTACTGTGAAAAAATTAGAGTGTTCAAAGCAGGCTTATGCCGT,,,Eukaryota,Ochrophyta,Diatomea,Bacillariophytina,Bacillariophyceae,Navicula,Navicula,asv54,,Naviculales,Navicula,
CAATAGCGTATATTAAAGTTGTTGCAGTTAAAAAGCTCGTAGTTGGATTTGTGGCGTACGACGGGCTCCGGGCACTTGTTGTCTGAGTAGCTTGTCGTTGCCATCCTTGGGTGGAATCTGTGTGGCATTAGGTTGTCGTGCAGGGGATGCCCATCGTTTACTGTGAAAAAATTAGAGTGTTC,,,Eukaryota,Ochrophyta,Diatomea,Bacillariophytina,Bacillariophyceae,Navicula,Navicula,asv634,,Naviculales,Navicula,
CAATAGCGTATATTAAAGTTGTTGCAGTTAAAAAGCTCGTAGTTGGATTTGTGGCGTGTGGCGAGCTCCGGGCACTTTGTGTCTGAGTAGTTCGCCGCTGCCATCCTTGGGTGGAACCTGTGTGGCATTAGGTTGTCGTGCAGGGGATGCCCATCGTTTACTGTGAAAAAATTAGAGTGTTCAAAGCAGGCTTATGCCGT,,,Eukaryota,Ochrophyta,Diatomea,Bacillariophytina,Bacillariophyceae,Navicula,Navicula,asv66,,Naviculales,Navicula,
CAATAGCGTATATTAAAGTTGTTGCAGTTAAAAAGCTCGTAGTTGGATTTGTGGCGTACGGTGGGTTCCGGGCACTTGTTGTCTGAGTGACTTGCCGTTGCCATCCTTGGGTGGAACCTGTGTGGCATTAGGTTGTCGTGCAGGGGATGCCCATCATTTACTGTGAAAAAATTAGAGTGTTC,,,Eukaryota,Ochrophyta,Diatomea,Bacillariophytina,Bacillariophyceae,Navicula,Navicula,asv67,,Naviculales,Navicula,
CAATAGCGTATATTAAAGTTGTTGCAGTTAAAAAGCTCGTAGTTGGATTTGTGGCGTACGGTGTGTTCCGGGCACTTGTTGTCTGAGTAACCTGCCGTTGCCATCCTTGGGTGGAACCTGTGTGGCATTAGGTTGTCGTGCAGGGGATGCCCATCATTTACTGTGAAAAAATTAGAGTGTTCAAAGCAGGCTTATGCCGT,,,Eukaryota,Ochrophyta,Diatomea,Bacillariophytina,Bacillariophyceae,Navicula,Navicula,asv7,,Naviculales,Navicula,
CAATAGCGTATATTAAAGTTGTTGCAGTTAAAAAGCTCGTAGTTGGATTTGTGGCGTTTGGTGGGTCCCGGGCACTTGTGTCCGAGTGACTTGCCGTTGCCATCCTTGGGTGGAACCTGTGTGGCATTAGGTTGTCGTGCAGGGGATGCCCATCATTTACTGTGAAAAAATTAGAGTGTTCA,,,Eukaryota,Ochrophyta,Diatomea,Bacillariophytina,Bacillariophyceae,Navicula,Navicula,asv701,,Naviculales,Navicula,
CAATAGCGTATATTAAAGTTGTTGCAGTTAAAAAGCTCGTAGTTGGATTTGTGGCGTACGATGTGTTCCGGGCACTTGTTGTCTGAGTAACCTGTTGTTGCCATCCTTGGGTGGAACCTGTGTGGCATTAGGTTGTCGTGCAGGGGATGCCCATCATTTACTGTGAAAAAATTAGAGTGTTCAAAGCAGGCTTATGCCGT,,,Eukaryota,Ochrophyta,Diatomea,Bacillariophytina,Bacillariophyceae,Navicula,Navicula,asv702,,Naviculales,Navicula,
CAATAGCGTATATTAAAGTTGTTGCAGTTAAAAAGCTCGTAGTTGGATTTGTGGCGTGCGATGTGTTCCGGGCACTTGTTGTCTGAGTAACTTGTCGCTGCCATCCTTGGGTGGAACCTGTGTGGCATTAGGTTGTCGTGCAGGGGATGCCCATCGTTTACTGTGAAAAAATTAGAGTGTTCAAAGCAGGCTTATGCCGT,,,Eukaryota,Ochrophyta,Diatomea,Bacillariophytina,Bacillariophyceae,Navicula,Navicula,asv706,,Naviculales,Navicula,
CAATAGCGTATATTAAAGTTGTTGCAGTTAAAAAGCTCGTAGTTGGATTTGTGGCGTACGGTGTGTCCCGGGCACTTGTGTCTGTGTGACTTGCCGTTGCCATCCTTGGGTGGAACCTGTGTGGCATTAGGTTGTCGTGCAGGGGATGCCCATCATTTACTGTGAAAAAATTAGAGTGTTCAAAGCAGGCTTATGCCGTT,,,Eukaryota,Ochrophyta,Diatomea,Bacillariophytina,Bacillariophyceae,Navicula,Navicula,asv84,,Naviculales,Navicula,
CAATAGCGTATATTAATGTTGCTGCAGTTAAAAAGCTCGTAGTTGGATTTGTGGTGGGTCCTATGGCTCGGTCTTGATTGACTGTTGTCGCTTGGGCCTGCCATCCTTGGGTGGAATCAGTGTGGCATTAAGTTGTCGTGCTGGGGATGCCCATCGTTTACTGTGAAAAAATTAGAGTGTTC,,,Eukaryota,Ochrophyta,Diatomea,Bacillariophytina,Bacillariophyceae,Phaeodactylum,Phaeodactylum,asv222,,Naviculales,Phaeodactylum,
CAATAGCGTATATTAAAGTTGTTGCAGTTAAAAAGCTCGTAGTTGGATTTGTGGTGGCGCCTGCGGTCCAAAATGTTTTGGTATTGTTTGGCGCTGCCATCCTTGGGTGGAACCTGTGGGGCATTAGGTTGTTTTGCAGGGGATGCCCATCGTTTACTGTGAAAAAATTAGAGTGTTCAAAGCAGGCTTATGCCGTTGAA,,,Eukaryota,Ochrophyta,Diatomea,Bacillariophytina,Bacillariophyceae,Pinnularia,Pinnularia,asv609,,Naviculales,Pinnularia,
CAATAGCGTATATTAAAGTTGTTGCAGTTAAAAAGCTCGTAGTTGGATTTGTGGTTTACGCGAGGCTTCCGTCCCTCTTGGGTTTCGGTGTTGCCTGGCGTTGCCATCCTTGGGTGGAATCTGTGTGGCATTAGGTTGTCGTGCAGGGGATGCCCATCGTTTACTGTGAAAAAATTAGAGTG,,,Eukaryota,Ochrophyta,Diatomea,Bacillariophytina,Bacillariophyceae,Pleurosigma,Pleurosigma,asv107,,Naviculales,Pleurosigma,
CAATAGCGTATATTAAAGTTGTTGCAGTTAAAAAGCTCGTAGTTGGATTTGTGGTTTACGCAAGGCTTCCGTCCCTCTTGGGTTTCGGTGTTGCCTGGCGTTGCCATCCTTGGGTGGAATCTGTGTGGCATTAGGTTGTCGTGCAGGGGATGCCCATCGTTTACTGTGAAAAAATTAGAGTG,,,Eukaryota,Ochrophyta,Diatomea,Bacillariophytina,Bacillariophyceae,Pleurosigma,Pleurosigma,asv330,,Naviculales,Pleurosigma,
CAATAGCGTATATTAAAGTTGTTGCAGTTAAAAAGCTCGTAGTTGGATTTGTGGTTTACGCAAGGCTTCCGTCCCTCTTGGGTCTCGGTGTTGCCTGGCGTTGCCATCCTTGGGTGGAATCTGCGTGGCATTAGGTTGTCGTGCAGGGGATGCCCACCGTTTACTGTGAAAAAATTAGAGTG,,,Eukaryota,Ochrophyta,Diatomea,Bacillariophytina,Bacillariophyceae,Pleurosigma,Pleurosigma,asv510,,Naviculales,Pleurosigma,
CAATAGCGTATATTAAAGTTGTTGCAGTTAAAAAGCTCGTAGTTGGATTTGTGGTGTACGCAAGGCTTCCGTCCCTTTTGGGTTTCGGTGTTGCCTGGCGTTGCCATCCTTGGGTGGAATCTGTGTGGCATTAGGTTGTCGTGCGGGGGATGCCCATCGTTTACTGTGAAAAAATTAGAGTG,,,Eukaryota,Ochrophyta,Diatomea,Bacillariophytina,Bacillariophyceae,Pleurosigma,Pleurosigma,asv763,,Naviculales,Pleurosigma,
CAATAGCGTATATTAAAGTTGTTGCAGTTAAAAAGCTCGTAGTTGGATTTGTGGCGTGTGCCGTGGCGTCCATTTGTTTGGTTCAGCCGTGGCCGTGCCATCCTTGGGTGGATCCAGTGTGGCATTAGGTTGTCGTGCTGGGGATGCCCATCGTTTACTGTGAAAAAATTAGAGTGTTCAAAGCAGGCTTATGCCGTTGA,,,Eukaryota,Ochrophyta,Diatomea,Bacillariophytina,Bacillariophyceae,Stauroneis,Stauroneis,asv122,,Naviculales,Stauroneis,
CAATAGCGTATATTAAAGTTGTTGCAGTTAAAAAGCTCGTAGTTGGATTTGTGGCATGTGCCGTGGCGTCCATTTGTTTGGTTCAGCCGTGGCCGTGCCATCCTTGGGTGGATCCAGTGTGGCATTAGGTTGTCGTGCTGGGGATTCCCATCATTTACTGTGAAAAAATTAGAGTGTTCAAA,uncultured,2nd best Parlibellus ellipticus,Eukaryota,Ochrophyta,Diatomea,Bacillariophytina,Bacillariophyceae,Bacillariophyceae,Bacillariophyceae,asv346,Parlibellus,Naviculales,Stauroneis,yes
CAATAGCGTATATTAAAGTTGTTGCAGTTAAAAAGCTCGTAGTTGGATTGGTGTTGGTTATGTTTCTCTGGGAAATTCTCAAAGCGACGTTAACCAATATATTTGGGATTTGGTCTAGAATGGCATTCAGTTGTTGATTTAGTTCCAGCCCATCGTTTACTGTGAAAAAATTAGAGTGTTTA,,,Eukaryota,Ochrophyta,Ochrophyta,Ochrophyta,Ochrophyta,Ochrophyta,Ochrophyta,asv238,,Ochrophyta,Ochrophyta,
CAATAGCGTATATTAATGTTGTTGCAGTTAAAAAGCTCGTAGTTGGATTTCTGACAAGAGCGGCCGGTCCGAGCCTTTCGGGTTCGTGTACTTTGTGTTGTCTCTAGTCATCCTTATGGAGAACGTGTGTGGCATTAACTTGTCGTGCTCGGGACCCATATCGTTTACTGTGAAAAAATTAG,,,Eukaryota,Ochrophyta,Ochrophyta,Ochrophyta,Ochrophyta,Ochrophyta,Ochrophyta,asv39,,Ochrophyta,Ochrophyta,
CAATAGCGTATATTAAAGTTGTTGCAGTTAAAAAGCTCGTAGATTGATGTCTGATCTTATATATTCGGTCGGGCCCGCAAGGGTTGTGTACTAGAGCATTAGGGTCATCTTTGTGAGGATTTCACTCTGGCATTAAGTTGTTGGTATGAAAGGCTTACATCTTTTACTGTGAAAAAATTAGA,,,Eukaryota,Ochrophyta,Ochrophyta,Ochrophyta,Ochrophyta,Ochrophyta,Ochrophyta,asv156,,Ochrophyta,Ochrophyta,
CAATAGCGTATATTAAAGTTGTTGCAGTTAAAAAGCTCGTAGTTGGATTTCTGGTAGGAGCGACCGTGCCGAACTTGATTGTTCGTGTATTGTGTTGTCTTCAGCCATCCTCGTGGAGAACTTTTCTAGCATTAATTTGTTGGGATTGGGACCCGCGTCGTTTACTGTGAAAAAATTAGAGT,,,Eukaryota,Ochrophyta,Ochrophyta,Ochrophyta,Ochrophyta,Ochrophyta,Ochrophyta,asv164,,Ochrophyta,Ochrophyta,
CAATAGCGTATATTAATGTTGTTGCAGTTAAAAAGCTCGTAGTTGGATTTCTGGTGGGAGCGGCCGGTCCGCCGTAAGGTGTGTACTTGGTTGTCTCCTGTCATCCTTGTGGGAACTGCTCTGGCATTAAGTTGTCGGGGTTAGGGAACACATCGTTTACTGTGAAAAAATTAGAGTGTTTAAAGCAGGCTTATGCCGTT,,,Eukaryota,Ochrophyta,Ochrophyta,Ochrophyta,Ochrophyta,Ochrophyta,Ochrophyta,asv350,,Ochrophyta,Ochrophyta,
CAATAGCGTATATTAAAGTTGTTGCAGTTAAAAAGCTCGTAGTTGACCTTCTGGGGGAAGTCGAGGTCCGAATTTTCGGTGCTTTGACATTCCTCCATCCTTGGACTTAGCCAGAATGCCATTAATTTGGTGTTTTGGGGATGTCCAACTTTTACTGTGAGAAAATCAGAGCGTTCAAAGCAGGCTTATGCTGTGAATGT,,,Eukaryota,Ochrophyta,Ochrophyta,Ochrophyta,Ochrophyta,Ochrophyta,Ochrophyta,asv76,,Ochrophyta,Ochrophyta,
CAATAGCGTATATTAAAGTTGTTGCAGTTAAAAAGCTCGTAGTTGTATTTGTGGTTTATTTGAGGGTCCACTTTGTTGGTACTATTTGAATTGACCATCCTTGGGTGGAATGTGTGTGGCATTAGGTTGTCGTGCAGGGGATGCCCATCGTTTACTGTGAAAAAATTAGAGTGTTCAAAGCA,Amphora sp,,Eukaryota,Ochrophyta,Diatomea,Bacillariophytina,Bacillariophyceae,Bacillariophyceae,Bacillariophyceae,asv1114,Amphora,Thalassiophysales,Amphora,yes
CAATAGCGTATATTAAAGTTGTTGCAGTTAAAAAGCTCGTAGTTGGATTTGTGGTGGTCCCTGTGGTCCAATTTTGGTACTCTTGGGGACTGCCATCTTTGGATGGATCCTGTGTGGCATTAGGTTGTCGTGCAGGGGATGTCCATCGTTTACTGTGAAAAAATTAGAGTGTTCAAAGCAGG,,,Eukaryota,Ochrophyta,Diatomea,Bacillariophytina,Bacillariophyceae,Amphora,Amphora,asv1195,,Thalassiophysales,Amphora,
CAATAGCGTATATTAAAGTTGTTGCAGTTAAAAAGCTCGTAGTTGGATTTGTGGTTGATTTTACGGTCCACTTTGTTGGTACTAGTGGAATTGACCATCCTTGGGTGGAATCTGTGTGGCATTAGGTTGTCGTGCAGGGGATGCCCATCGTTTACTGTGAAAAAATTAGAGTGTTCAAAGCAGGCTTATGCCGCTGAATA,,,Eukaryota,Ochrophyta,Diatomea,Bacillariophytina,Bacillariophyceae,Amphora,Amphora,asv184,,Thalassiophysales,Amphora,
CAATAGCGTATATTAAAGTTGTTGCAGTTAAAAAGCTCGTAGTTGGATTTGTGGCGGTCCCTGTGGTCCGATTTCGGTACTTTCGGGGATTGCCATCCTTGGGTGGATCCTGTGTGGCATTAGGTTGTCGTGCAGGGGATGCCCATCGTTTACTGTGAAAAAATTAGAGTGTTCAAAGCAGG,,,Eukaryota,Ochrophyta,Diatomea,Bacillariophytina,Bacillariophyceae,Amphora,Amphora,asv208,,Thalassiophysales,Amphora,
CAATAGCGTATATTAAAGTTGTTGCAGTTAAAAAGCTCGTAGTTGGATTTGTGGCGGTTCCTGTGGTCCGATTTCGGTACTTTCGGGGACTGCCATCCTTGGGTGGATCCTGTGTGGCATTAGGTTGTCGTGCAGGGGATGCCCATCGTTTACTGTGAAAAAATTAGAGTGTTCAAAGCAGG,,,Eukaryota,Ochrophyta,Diatomea,Bacillariophytina,Bacillariophyceae,Amphora,Amphora,asv378,,Thalassiophysales,Amphora,
CAATAGCGTATATTAAAGTTGTTGCAGTTAAAAAGCTCGTAGTTGGATTTGTGGCGGTTCCTGTGGTCCGATTCTGGTACTGTCGGGGACTGCCATCCTTGGGTGGATCCTGTGTGGCATTAGGTTGTCGTGCAGGGGATGCCCATCGTTTACTGTGAAAAAATTAGAGTGTTCAAAGCAGG,,,Eukaryota,Ochrophyta,Diatomea,Bacillariophytina,Bacillariophyceae,Amphora,Amphora,asv508,,Thalassiophysales,Amphora,
CAATAGCGTATATTAAAGTTGTTGCAGTTAAAAAGCTCGTAGTTGGACTTGTGGTGCTCCCTGAGGTCCAATTTTGGTTCTCTTGGGGAGCGCCATCCTTGGGTGGATCCTGTGTGGCATTAGGTTGTCGTGCAGGGGATGCCCATCGTTTACTGTGAAAAAATTAGAGTGTTCAAAGCAGG,Halamphora tumida,,Eukaryota,Ochrophyta,Diatomea,Bacillariophytina,Bacillariophyceae,Bacillariophyceae,Bacillariophyceae,asv574,Halamphora,Thalassiophysales,Amphora,yes
CAATAGCGTATATTAAAGTTGTTGCAGTTAAAAAGCTCGTAGTTGGATTTCTGGCAGGAGTGACTGACCACAAACTCTGTTTGTGAGTTGTGTCATTCTGGCCATCCTTGGTAAGATCCTTTTTGGCATTAAGTTGTCGGGAAGGGGATGACCATCGTTTACTGTGAAAAAATTAGAGTGTTTAAAGCAGGCTTATGCCG,,,Eukaryota,Ochrophyta,Diatomea,Bacillariophytina,Mediophyceae,Skeletonema,Skeletonema,asv128,,Thalassiosirales,Skeletonema,
CAATAGCGTATATTAAAGTTGTTGCAGTTAAAAAGCTCGTAGTTGGATTTCTGGCAGGAGCGACCGGTCGCGCACTCTGTGCGTGAACTTGTGTTGTCTCTGGCCATCCTCGGGGAGATCCTGTTTGGCATTAAGTTGTCGGGCAGGGGATACCCGTCGTTTACTGTGAAAAAATTAGAGTGTTTAAAGCAGGCTTATGC,,,Eukaryota,Ochrophyta,Diatomea,Bacillariophytina,Mediophyceae,Thalassiosira,Thalassiosira,asv219,,Thalassiosirales,Thalassiosira,
CAATAGCGTATATTAAAGTTGTTGCAGTTAAAAAGCTCGTAGTTGGATTTCTGGCAGGAGCGACCGGTCACACACTCTGTGTGTGAACTTGCGTTGTCTCTGGCCATCCTTGGGAAGATCCTGTTTGGCATTAAGTTGTCGGGCAGGGGATACCCATCGTTTACTGTGAAAAAATTAGAGTGTTTAAAGCAGGCTTATGC,,,Eukaryota,Ochrophyta,Diatomea,Bacillariophytina,Mediophyceae,Thalassiosira,Thalassiosira,asv347,,Thalassiosirales,Thalassiosira,
CAATAGCGTATATTAAAGTTGTTGCAGTTAAAAAGCTCGTAGTTGGATTTCTGGCAGGAGCGACCGGTCACACACTCTGTGTGTGAACTTGTGTTGTCTCTGGCCATCCTTGGGGAGATCCTGTTTGGCATTAAGTTGTCGGGCAGGGGATACCCATCGTTTACTGTGAAAAAATTAGAGTGTTTAAAGCAGGCTTATGC,,,Eukaryota,Ochrophyta,Diatomea,Bacillariophytina,Mediophyceae,Thalassiosira,Thalassiosira,asv51,,Thalassiosirales,Thalassiosira,
CAATAGCGTATATTAAAGTTGTTGCAGTTAAAAAGCTCGTAGTTGGATTTCTGGCAGGAGCGACCGGTCGCACACTATGTGTGTGAACTTGTGTTGTCTCTGGCCATCCTTGGGGAGATCCCGTTTGGCATTAAGTTGTCGGGCGGGGGATACCCATCGTTTACTGTGAAAAAATTAGAGTGTTTAAAGCAGGCTTATGC,,,Eukaryota,Ochrophyta,Diatomea,Bacillariophytina,Mediophyceae,Thalassiosira,Thalassiosira,asv56,,Thalassiosirales,Thalassiosira,
CAATAGCGTATATTAAAGTTGTTGCAGTTAAAAAGCTCGTAGTTGGATTTCTGGCAGGAGCGACCGGTCAGACACTCTGTGTTTGAATTTGTGTTGTCTCTGGCCATCCTTGGGGAGATCGTGTTTGGCATTAAGTTGTCGGGCATGGGATACCCATCGTTTACTGTGAAAAAATTAGAGTG,,,Eukaryota,Ochrophyta,Diatomea,Bacillariophytina,Mediophyceae,Thalassiosira,Thalassiosira,asv601,,Thalassiosirales,Thalassiosira,
CAATAGCGTATATTAAAGTTGTTGCAGTTAAAAAGCTCGTAGTTGGATTTCTGGCAGGAGCGACCGGTCACACACTCTGTGTGTGAACTTGTGTTGTCTCTGGCCATCCTTGGGAAGATCCTGTTTGGCATTAAGTTGTCGGGCAGGGGATACCCATCGTTTACTGTGAAAAAATTAGAGTGTTTAAAGCAGGCTTATGC,,,Eukaryota,Ochrophyta,Diatomea,Bacillariophytina,Mediophyceae,Thalassiosira,Thalassiosira,asv71,,Thalassiosirales,Thalassiosira,
CAATAGCGTATATTAAAGTTGTTGCAGTTAAAAAGCTCGTAGTTGGATTTCTGGCAGGAGGGACCGGTCACGCACTCTGTGTGTGAACTTGGCTCCCTCTGGCCATCCTTGGGGAGATCGTGTTTGGCATTAAGTTGTCGGGCATGGGATACCCATCGTTTACTGTGAAAAAATTAGAGTGTTTAAAGCAGGCTTATGCC,,,Eukaryota,Ochrophyta,Diatomea,Bacillariophytina,Mediophyceae,Thalassiosira,Thalassiosira,asv86,,Thalassiosirales,Thalassiosira,
CAATAGCGTATATTAAAGTTGTTGCAGTTAAAAAGCTCGTAGTTGGATTTCTGGCAGGAGTGACCGGTCACGCACTCTGTGCGTGAACTTGTGTTGTCTCTGGCCATCCTTGGGGAGATCCTGTTTGGCATTAAGTTGTCGGGCAGGGGATACCCATCGTTTACTGTGAAAAAATTAGAGTG,,,Eukaryota,Ochrophyta,Diatomea,Bacillariophytina,Mediophyceae,Thalassiosira,Thalassiosira,asv948,,Thalassiosirales,Thalassiosira,