Sequence ID,Species,Sequence,,,,,,,,,,,,,,,,,,,,,,,,,,,,,,,,,,,,,,,,,,,,,,,,,,,,,,,,,,,,,,,,,,,,,,,,,,,,,,,,,
TCC449-Rbcl-1,Cocconeis euglypta,AAGTGACCGTTACGAATCTGGTGTAATTCCCTATGCTAAAATGGGATACTGGGATGCCTCATATGAAGTAAAAACTACTGATGTGTTAGCATTATTTCGTATTACACCTCAACCCGGCGTAGATCCTGTAGAAGCAGCAGCTGCGGTAGCTGGTGAATCATCTACTGCTACATGGACAGTGGTATGGACTGATTTATTAACAGCTTGTGATCGTTATCGTGCAAAAGCTTACCGTGTAGATCCAGTTCCAAATACAACAGATCAATTCTTTGCCTTTGTTGCTTATGAATGTGATCTATTCGAAGAAGGTTCATTAGCAAACTTAACAGCATCAATTATCGGTAACGTATTTGGATTTAAAGCTATTTCTGCTTTACGTTTAGAAGATATGCGCATTCCTCATTCATATTTAAAAACATTCCAAGGACCCGCAACTGGTATTATTGTAGAACGTGAACGTTTAAACAAGTATGGTGCACCATTATTAGGTGCGACTGTAAAACCTAAGTTGGGATTATCAGGCAAAAACTATGGTCGTGTAGTTTACGAAGGTTTAAAAGGTGGTTTAGACTTTTTAAAAGATGATGAAAATATTAATTCTCAACCATTTATGCGTTGGAGAGAACGTTTTTTATACTGTATGGAAGGTATTAACCGTGCATCTTCAGCAACAGGTGAAACAAAAGGTTCTTATTTAAACATCACTGCAGGTACAATGGAAGAAGTTTACAAACGAGCTGAGTATGCAAAAGCTGTTGGCTCAATCATTGTTATGATCGATTTAGTAATGGGTTATACGGCCATTCAAAGTGCAGCAATTTGGTCTCGTGATAACGATATGTTATTACATTTACATAGAGCAGGTAACTCTACTTACGCTCGCCAAAAAAATCATGGTATTAATTTCCGTGTTATTTGCAAATGGATGCGTATGTCAGGTGTTGACCATATCCATGCTGGAACAGTTGTAGGAAATTAGAAGGTGATCCTTTAATGATTAAAGGCTTCTATGATACTTTAAGATTAACTCATCTAAATGTTAACTTACCTTACGGGATTTTCTTTGAAATGACATGGGCAAGTTTAAGAAAATGTATGCCTGTTGCGTCTGGTGGAATTCACTGTGGTCAAATGCACCAATTAGTTCATTATTTAGGTGATGATGTGATTTTACAATTTGGTGGTGGTACAATTGGACATCCTGATGGTATTCAAGCAGGAGCGACAGCAAATCGTGTTGCATTAGAAGCAATGGTGTTAGCCCGAAATGAAGGAGCTGATTATTTTAACAATAATATTGGTCCACAAATTTTACGCGATGCTGCTAAAACATGTGGTCCTTTACAAACAGCTTTAGATTTATGGAAAGATATTAGTTTCAACTATACATCTACAGATACAGCTGATTTTGCAGGAACTACAACAGCAAACATCTAATCGAATTCATTGAAAATAAAAATTACCTTAACAAAACTAAAGGAGTATTTGAATAGTGAGACTTACACAAGGTTGCT,,,,,,,,,,,,,,,,,,,,,,,,,,,,,,,,,,,,,,,,,,,,,,,,,,,,,,,,,,,,,,,,,,,,,,,,,,,,,,,,,
TCC501-Rbcl-1,Cocconeis euglypta,CATATGAAGTAAAAACTACTGATGTGTTAGCATTATTTCGTATTACACCTCAACCCGGCGTAGATCCTGTAGAAGCAGCAGCTGCGGTAGCTGGTGAATCATCTACTGCTACATGGACAGTGGTATGGACTGATTTATTAACAGCTTGTGATCGTTATCGTGCAAAAGCTTACCGTGTAGATCCAGTTCCAAATACAACAGATCAATTCTTTGCCTTTGTTGCTTATGAATGTGATCTATTCGAAGAAGGTTCATTAGCAAACTTAACAGCATCAATTATCGGTAACGTATTTGGATTTAAAGCTATTTCTGCTTTACGTTTAGAAGATATGCGCATTCCTCATTCATATTTAAAAACATTCCAAGGACCCGCAACTGGTATTATTGTAGAACGTGAACGTTTAAACAAGTATGGTGCACCATTATTAGGTGCGACTGTAAAACCTAAGTTGGGATTATCAGGCAAAAACTATGGTCGTGTAGTTTACGAAGGTTTAAAAGGTGGTTTAGACTTTTTAAAAGATGATGAAAATATTAATTCTCAACCATTTATGCGTTGGAGAGAACGTTTTTTATACTGTATGGAAGGTATTAACCGTGCATCTTCAGCAACAGGTGAAACAAAAGGTTCTTATTTAAACATCACTGCAGGTACAATGGAAGAAGTTTACAAACGAGCTGAGTATGCAAAAGCTGTTGGCTCAATCATTGTTATGATCGATTTAGTAATGGGTTATACGGCCATTCAAAGTGCAGCAATTTGGTCTCGTGATAACGATATGTTATTACATTTACATAGAGCAGGTAACTCTACTTACGCTCGCCAAAAAAATC,,,,,,,,,,,,,,,,,,,,,,,,,,,,,,,,,,,,,,,,,,,,,,,,,,,,,,,,,,,,,,,,,,,,,,,,,,,,,,,,,
TCC511-Rbcl-1,Cocconeis euglypta,AAAGTGACCGTTACGAATCTGGTGTAATTCCCTATGCTAAAATGGGATACTGGGATGCCTCATATGAAGTAAAAACTACTGATGTGTTAGCATTATTTCGTATTACACCTCAACCCGGCGTAGATCCTGTAGAAGCAGCAGCTGCGGTAGCTGGTGAATCATCTACTGCTACATGGACAGTGGTATGGACTGATTTATTAACAGCTTGTGATCGTTATCGTGCAAAAGCTTACCGTGTAGATCCAGTTCCAAATACAACAGATCAATTCTTTGCCTTTGTTGCTTATGAATGTGATCTATTCGAAGAAGGTTCATTAGCAAACTTAACAGCATCAATTATCGGTAACGTATTTGGATTTAAAGCTATTTCTGCTTTACGTTTAGAAGATATGCGCATTCCTCATTCATATTTAAAAACATTCCAAGGACCCGCAACTGGTATTATTGTAGAACGTGAACGTTTAAACAAGTATGGTGCACCATTATTAGGTGCGACTGTAAAACCTAAGTTGGGATTATCAGGCAAAAACTATGGTCGTGTAGTTTACGAAGGTTTAAAAGGTGGTTTAGACTTTTTAAAAGATGATGAAAATATTAATTCTCAACCATTTATGCGTTGGAGAGAACGTTTTTTATACTGTATGGAAGGTATTAACCGTGCATCTTCAGCAACAGGTGAAACAAAAGGTTCTTATTTAAACATCACTGCAGGTACAATGGAAGAAGTTTACAAACGAGCTGAGTATGCAAAAGCTGTTGGCTCAATCATTGTTATGATCGATTTAGTAATGGGTTATACGGCCATTCAAAGTGCAGCAATTTGGTCTCGTGATAACGATATGTTATTACATTTACATAGAGCAGGTAACTCTACTTACGCTCGCCAAAAAAATCATGGTATTAATTTCCGTGTTATTTGCAAATGGATGCGTATGTCAGGTGTTGACCATATCCATGCTG,,,,,,,,,,,,,,,,,,,,,,,,,,,,,,,,,,,,,,,,,,,,,,,,,,,,,,,,,,,,,,,,,,,,,,,,,,,,,,,,,
TCC720-Rbcl-1,Cocconeis euglypta,GACCGTTACGAATCTGGTGTAATTCCCTATGCTAAAATGGGATACTGGGATGCCTCATATGAAGTAAAAACTACTGATGTGTTAGCATTATTTCGTATTACACCTCAACCCGGCGTAGATCCTGTAGAAGCAGCAGCTGCGGTAGCTGGTGAATCATCTACTGCTACATGGACAGTGGTATGGACTGATTTATTAACAGCTTGTGATCGTTATCGTGCAAAAGCTTACCGTGTAGATCCAGTTCCAAATACAACAGATCAATTCTTTGCCTTTGTTGCTTATGAATGTGATCTATTCGAAGAAGGTTCATTAGCAAACTTAACAGCATCAATTATCGGTAACGTATTTGGATTTAAAGCTATTTCTGCTTTACGTTTAGAAGATATGCGCATTCCTCATTCATATTTAAAAACATTCCAAGGACCCGCAACTGGTATTATTGTAGAACGTGAACGTTTAAACAAGTATGGTGCACCATTATTAGGTGCGACTGTAAAACCTAAGTTGGGATTATCAGGCAAAAACTATGGTCGTGTAGTTTACGAAGGTTTAAAAGGTGGTTTAGACTTTTTAAAAGATGATGAAAATATTAATTCTCAACCATTTATGCGTTGGAGAGAACGTTTTTTATACTGTATGGAAGGTATTAACCGTGCATCTTCAGCAACAGGTGAAACAAAAGGTTCTTATTTAAACATCACTGCAGGTACAATGGAAGAAGTTTACAAACGAGCTGAGTATGCAAAAGCTGTTGGCTCAATCATTGTTATGATCGATTTAGTAATGGGTTATACGGCCATTCAAAGTGCAGCAATTTGGTCTCGTGATAACGATATGTTATTACATTTACATAGAGCAGGTAACTCTACTTACGCTCGCCAAAAAAATCA,,,,,,,,,,,,,,,,,,,,,,,,,,,,,,,,,,,,,,,,,,,,,,,,,,,,,,,,,,,,,,,,,,,,,,,,,,,,,,,,,
AM710480,Cocconeis placentula,TTTATCGCTTATGAATGTGATTTATTCGAAGAAGGTTCATTAGCAAACTTAACAGCATCAATTATCGGTAACGTATTTGGATTTAAAGCTATTTCTGCTTTACGTTTAGAAGATATGCGCATTCCTCACTCATATTTAAAAACATTCCAAGGACCTGCAACTGGTATTATTGTAGAACGTGAGCGTTTAAACAAGTATGGTACACCATTATTAGGTGCGACTGTAAAACCTAAATTAGGATTATCAGGTAAAAACTATGGCCGTGTAGTTTACGAAGGTTTAAAAGGTGGTTTAGATTTTTTAAAAGATGATGAAAACATTAATTCTCAACCATTTATGCGTTGGAGAGAACGTTTTTTATACTGTATGGAAGCTATTAACCGTGCTTCTGCAGCAACAGGTGAAACAAAAGGTTCTTATTTAAACATCACTGCAGGCACAATGGAAGAAGTTTACAAACGAGCTGAGTATGCAAAAGCTGTTGGCTCAATCATTGTTATGATCGATTTAGTAATGGGTTATACGGCGATTCAAAGTGCAGCAATTTGGTCTCGTGATAACGATATGTTATTACATTTACATCGAGCAGGGAATTCTACTTACGCGCGCCAAAAAAACCATGGGATTAACTTCCGTGTTATTTGCAAATGGATGCGTATGTCAGG,,,,,,,,,,,,,,,,,,,,,,,,,,,,,,,,,,,,,,,,,,,,,,,,,,,,,,,,,,,,,,,,,,,,,,,,,,,,,,,,,
AM710477,Cocconeis pediculus,CTTTGTTGCTTATAAATGTGATCTATTCGAAGAAGGTTCATTAGCAAACTTAACAGCATCAATTATCGGTAACGTATTTGGATTTAAAGCTATTTCTGCTTTACGTTTAGAAGATATGCGCATTCCTCATTCATATTTAAAAACCTTCCAAGGACCTGCAACTGGTATTATTGTAGAACGTGAACGTTTAAACAAGTATGGTACACCATTATTAGGTGCGACTGTAAAACCTAAGTTAGGACTATCAGGCAAAAACTATGGACGTGTAGTTTACGAAGGTTTAAAAGGTGGTTTAGACTTTTTAAAAGACGATGAAAACATTAATTCTCAACCATTTATGCGTTGGAGAGAACGTTTTTTATACTGTATGGAAGGTATTAACCGTGCATCTTCAGCAACAGGTGAAACAAAAGGTTCTTATTTAAACATCACTGCAGGCACAATGGAAGAAGTTTACAAACGAGCAGAGTATGCAAAAGCTGTTGGCTCAGTAATTGTTATGATTGATTTAGTAATGGGTTATACGGCGATTCAAAGTGCAGCAATTTGGTCTCGTGATAATGATATGTTATTACATTTACATAGAGCAGGTAACTCTACTTACGCCCGTCAAAAAAATCATGGTATTAACTTCCGTGTTATTTGCAAATGCTATAGCC,,,,,,,,,,,,,,,,,,,,,,,,,,,,,,,,,,,,,,,,,,,,,,,,,,,,,,,,,,,,,,,,,,,,,,,,,,,,,,,,,
HQ912456,Cocconeis placentula,ATGTCTCAATCTGTATCAGAACGGACTCGAATCAAAAGTGACCGTTACGAATCTGGAGTAATACCCTATGCTAAAATGGGATACTGGGATGCTTCGTATGAAGTAAAAACTACTGACGTATTAGCACTATTTCGTATTACACCCCAACCAGGTGTAGATCCTGTAGAAGCGGCTGCTGCTGTAGCTGGTGAATCATCTACTGCTACATGGACAGTTGTCTGGACTGATTTATTAACAGCTTGTGATCGTTATCGTGCAAAAGCTTACCGTGTAGATCCAGTTCCAAATACAACAGATCAATTTTTTGCATTTATTGCTTATGAATGTGATCTATTCGAAGAAGGTTCATTAGCAAACTTAACAGCATCAATTATCGGTAACGTATTTGGATTTAAAGCTGTTTCTGCTTTACGGTTAGAAGATATGCGCATTCCTCATTCATATTTAAAAACATTCCAAGGACCTGCAACTGGTATTATTGTAGAACGTGAGCGTTTAAACAAGTATGGTACACCATTATTAGGTGCGACTGTAAAACCTAAGTTAGGATTATCAGGTAAAAATTATGGGCGTGTAGTTTACGAAGGTTTAAAAGGTGGTTTAGACTTTTTAAAAGATGATGAAAACATTAATTCTCAACCATTTATGCGTTGGAGAGAACGTTTTTTATACTGTATGGAAGGCATTAACCGTGCATCTTCAGCAACAGGTGAAACAAAAGGTTCTTATTTAAACATCACTGCAGGCACAATGGAAGAAGTTTACAAACGAGCTGAGTATGCAAAAGCTGTTGGCTCAGTAATTGTTATGATCGATTTAGTAATGGGTTATACAGCGATTCAAAGTGCAGCAATTTGGTCTCGTGATAACGATATGTTATTACATTTACATAGAGCAGGTAATTCTACTTACGCGCGTCAAAAAAACCATGGCATTAATTTCCGTGTTATTTGCAAATGGATGCGTATGTCAGGCGTTGACCATATCCATGCTGGAACAGTTGTAGGAAAATTAGAAGGTGATCCTTTAATGATCAAAGGCTTCTATGATACTTTACGATTAACTCATCTAAATGTTAACTTACCTTACGGTATTTTCTTTGAAATGACATGGGCAAGTTTACGAAAATGTATGCCTGTTGCATCTGGTGGGATTCACTGTGGTCAAATGCACCAATTAGTTCATTACTTAGGTGATGATGTTATTTTACAATTTGGTGGTGGTACAATTGGACATCCCGATGGGATTCAAGCAGGAGCTACAGCAAATCGTGTTGCATTAGAAGCAATGGTCTTAGCGCGAAATGAAGGAGCTGATTATTTTAACAATAATATTGGTCCACAAATTTTACGCGATGCTGCTAAAACATGTGGTCCTTTACAAACAGCTTTAGATTTATGGAAAGATATTAGTTTCAACTATACATCTACAGATACAGCTGATTTTGCAGCAACTACAACAGCAAACATCTAA,,,,,,,,,,,,,,,,,,,,,,,,,,,,,,,,,,,,,,,,,,,,,,,,,,,,,,,,,,,,,,,,,,,,,,,,,,,,,,,,,
KM084929,Cocconeis pediculus,GTAATTCCCTATGCTAAAATGGGATACTGGGATGCCTCATATGAAGTAAAAACTACTGATGTGTTAGCATTATTTCGTATTACACCTCAACCCGGCGTAGATCCTGTAGAAGCAGCAGCTGCTGTAGCTGGTGAATCATCTACTGCTACATGGACAGTGGTATGGACTGATTTATTAACAGCTTGTGATCGTTATCGTGCAAAAGCTTACCGTGTAGATCCAGTTCCTAATACAACAGATCAATTCTTTGCTTTTGTTGCTTATGAATGTGATCTATTCGAAGAAGGTTCATTAGCAAACTTAACAGCATCAATTATCGGTAACGTATTTGGATTTAAAGCTATTTCTGCTTTACGTTTAGAAGATATGCGCATTCCTCATTCATATTTAAAAACCTTCCAAGGACCTGCAACTGGTATTATTGTAGAACGTGAACGTTTAAACAAGTATGGTACACCATTATTAGGTGCGACTGTAAAACCTAAGTTAGGACTATCAGGCAAAAACTATGGACGTGTAGTTTACGAAGGTTTAAAAGGTGGTTTAGACTTTTTAAAAGACGATGAAAACATTAATTCTCAACCATTTATGCGTTGGAGAGAACGTTTTTTATACTGTATGGAAGGTATTAACCGTGCATCTTCAGCAACAGGTGAAACAAAAGGTTCTTATTTAAACATCACTGCAGGCACAATGGAAGAAGTTTACAAACGAGCAGAGTATGCAAAAGCTGTTGGCTCAGTAATTGTTATGATTGATTTAGTAATGGGTTATACGGCGATTCAAAGTGCAGCAATTTGGTCTCGTGATAATGATATGTTATTACATTTACATAGAGCAGGTAACTCTACTTACGCCCGTCAAAAAAATCATGGTATTAACTTCCGTGTTATTTGCAAATGGATGCGTATGTCAGGGGTTGACCATATCCATGCTGGAACAGTTGTAGGAAAATTAGAAGGTGACCCTTTAATGATTAA,,,,,,,,,,,,,,,,,,,,,,,,,,,,,,,,,,,,,,,,,,,,,,,,,,,,,,,,,,,,,,,,,,,,,,,,,,,,,,,,,
KM084976,Cocconeis placentula,GTAATTCCCTATGCTAAAATGGGATACTGGGATGCCTCATATGAAGTAAAAACTACTGATGTGTTAGCATTATTTCGTATTACACCTCAACCCGGCGTAGATCCTGTAGAAGCAGCAGCTGCGGTAGCTGGTGAATCATCTACTGCTACATGGACGGTGGTATGGACTGATTTATTAACAGCTTGTGATCGTTATCGTGCAAAAGCTTACCGTGTAGATCCAGTTCCAAATACAACAGATCAATTCTTTGCCTTTGTTGCTTATGAATGTGATCTATTCGAAGAAGGTTCATTAGCAAACTTAACAGCATCAATTATCGGTAACGTATTTGGATTTAAAGCGATTTCTGCTTTACGTTTAGAAGATATGCGCATTCCTCATTCATATTTAAAAACATTCCAAGGACCTGCAACTGGTATTATTGTAGAACGTGAAAGGTTAAACAAGTATGGTACACCATTATTAGGTGCGACTGTAAAACCTAAGTTAGGATTATCAGGCAAAAACTATGGCCGTGTAGTTTACGAAGGTTTAAAAGGTGGTTTAGACTTTTTAAAAGATGATGAAAACATTAATTCTCAACCATTTATGCGTTGGAGAGAACGTTTTTTATACTGTATGGAAGGTATTAACCGTGCATCTTCAGCAACAGGTGAAACAAAAGGTTCTTATTTAAACATCACTGCAGGCACAATGGAAGAAGTTTACAAACGAGCTGAGTATGCAAAAGCTGTTGGCTCAGTCATTGTTATGATTGATTTAGTAATGGGTTATACGGCGATTCAAAGTGCAGCAATTTGGTCTCGTGATAACGATATGTTATTACATTTACATAGAGCAGGTAACTCTACTTATGCCCGCCAAAAAAATCATGGTATTAATTTCCGTGTTATTTGCAAATGGATGCGTATGTCAGGGGTTGACCATATTCATGCAGGAACAGTTGTAGGAAAATTAGAAGGTGATCCTTTAATGATTAA,,,,,,,,,,,,,,,,,,,,,,,,,,,,,,,,,,,,,,,,,,,,,,,,,,,,,,,,,,,,,,,,,,,,,,,,,,,,,,,,,
KM084977,Cocconeis pediculus,GTAATTCCCTATGCTAAAATGGGATACTGGGATGCCTCATATGAAGTAAAAACTACTGATGTGTTAGCATTATTTCGTATTACACCTCAACCCGGCGTAGATCCTGTAGAAGCAGCAGCTGCTGTAGCTGGTGAATCATCTACTGCTACATGGACAGTGGTATGGACTGATTTATTAACAGCTTGTGATCGTTATCGTGCAAAAGCTTACCGTGTAGATCCAGTTCCTAATACAACAGATCAATTCTTTGCTTTTGTTGCTTATGAATGTGATCTATTCGAAGAAGGTTCATTAGCAAACTTAACAGCATCAATTATCGGTAACGTATTTGGATTTAAAGCTATTTCTGCTTTACGTTTAGAAGATATGCGCATTCCTCATTCATATTTAAAAACCTTCCAAGGACCTGCAACTGGTATTATTGTAGAACGTGAACGTTTAAACAAGTATGGTACACCATTATTAGGTGCGACTGTAAAACCTAAGTTAGGACTATCAGGCAAAAACTATGGACGTGTAGTTTACGAAGGTTTAAAAGGTGGTTTAGACTTTTTAAAAGACGATGAAAACATTAATTCTCAACCATTTATGCGTTGGAGAGAACGTTTTTTATACTGTATGGAAGGTATTAACCGTGCATCTTCAGCAACAGGTGAAACAAAAGGTTCTTATTTAAACATCACTGCAGGCACAATGGAAGAAGTTTACAAACGAGCAGAGTATGCAAAAGCTGTTGGCTCAGTAATTGTTATGATTGATTTAGTAATGGGTTATACGGCGATTCAAAGTGCAGCAATTTGGTCTCGTGATAATGATATGTTATTACATTTACATAGAGCAGGTAACTCTACTTACGCCCGTCAAAAAAATCATGGTATTAACTTCCGTGTTATTTGCAAATGGATGCGTATGTCAGGGGTTGACCATATCCATGCTGGAACAGTTGTAGGAAAATTAGAAGGTGACCCTTTAATGATTAA,,,,,,,,,,,,,,,,,,,,,,,,,,,,,,,,,,,,,,,,,,,,,,,,,,,,,,,,,,,,,,,,,,,,,,,,,,,,,,,,,
KM084991,Cocconeis pediculus,GTAATTCCCTATGCTAAAATGGGATACTGGGATGCCTCATATGAAGTAAAAACTACTGATGTGTTAGCATTATTTCGTATTACACCTCAACCCGGCGTAGATCCTGTAGAAGCAGCAGCTGCTGTAGCTGGTGAATCATCTACTGCTACATGGACAGTGGTATGGACTGATTTATTAACAGCTTGTGATCGTTATCGTGCAAAAGCTTACCGTGTAGATCCAGTTCCTAATACAACAGATCAATTCTTTGCTTTTGTTGCTTATGAATGTGATCTATTCGAAGAAGGTTCATTAGCAAACTTAACAGCATCAATTATCGGTAACGTATTTGGATTTAAAGCTATTTCTGCTTTACGTTTAGAAGATATGCGCATTCCTCATTCATATTTAAAAACCTTCCAAGGACCTGCAACTGGTATTATTGTAGAACGTGAACGTTTAAACAAGTATGGTACACCATTATTAGGTGCGACTGTAAAACCTAAGTTAGGACTATCAGGCAAAAACTATGGACGTGTAGTTTACGAAGGTTTAAAAGGTGGTTTAGACTTTTTAAAAGACGATGAAAACATTAATTCTCAACCATTTATGCGTTGGAGAGAACGTTTTTTATACTGTATGGAAGGTATTAACCGTGCATCTTCAGCAACAGGTGAAACAAAAGGTTCTTATTTAAACATCACTGCAGGCACAATGGAAGAAGTTTACAAACGAGCAGAGTATGCAAAAGCTGTTGGCTCAGTAATTGTTATGATTGATTTAGTAATGGGTTATACGGCGATTCAAAGTGCAGCAATTTGGTCTCGTGATAATGATATGTTATTACATTTACATAGAGCAGGTAACTCTACTTACGCCCGTCAAAAAAATCATGGTATTAACTTCCGTGTTATTTGCAAATGGATGCGTATGTCAGGGGTTGACCATATCCATGCTGGAACAGTTGTAGGAAAATTAGAAGGTGACCCTTTAATGATTAA,,,,,,,,,,,,,,,,,,,,,,,,,,,,,,,,,,,,,,,,,,,,,,,,,,,,,,,,,,,,,,,,,,,,,,,,,,,,,,,,,
KT943614,Cocconeis sp.,AGTGACCGTTACGAATCTGGTGTAATCCCTTACGCTAAAATGGGTTACTGGGATGCTTCATACGCAGTAAAAACTACTGATGTTCTTGCATTATTCCGTATTACACCACAACCAGGGGTAGATCCAGTAGAAGCAGCAGCAGCTGTTGCTGGTGAATCTTCAACAGCAACATGGACAGTTGTATGGACTGATTTATTAACAGCTTGTGACCGTTACCGTGCGAAAGCTTACCGTGTAGATCCAGTTCCTAATACAACAGATCAATTCTTCGCTTTTATCGCATATGAATGTGATTTATTTGAAGAAGGTTCATTAGCGAATTTAACAGCATCTATTATTGGTAACGTATTCGGTTTCAAAGCAGTATCGGCTTTACGTTTAGAAGATATGCGTATTCCTCATTCATACTTAAAAACATTCCAAGGTCCAGCTACTGGTATCATTGTGGAACGGGAACGTTTAAACAAATACGGCGTACCATTATTAGGTGCTACAGTAAAACCTAAATTAGGTTTATCAGGTAAAAACTATGGTCGTGTAGTATATGAAGGTTTAAAAGGTGGTTTAGACTTTTTAAAAGATGATGAGAACATTAACTCGCAACCATTTATGCGTTGGAGAGAGCGTTTCTTATACTGTATGGAAGGTATTAACCGTGCTGTATCTGCTACAGGTGAAGTGAAAGGTTCATACTTAAATATTACTGCAGGTACAATGGAAGAAGTGTACAAACGTGCTGAGTATGCTAAAGCTGTTGGTTCAGTAATTGTAATGATTGATTTAGTAATGGGCTATACAGCAATTCAAAGTGCTGCTATTTGGTCTCGTGAAAATGATATGGTTTTACATTTACACCGTGCAGGGAACTCAACATACGCTCGTCAAAAAAATCATGGTATTAATTTCCGTGTAATTTGTAAATGGATGCGTATGTCTGGTGTAGATCATATCCACGCTGGTACCGTTGTAGGTAAATTAGAAGGTGATCCTTTAATGATTAAAGGGTTCTACGATACTTTACGTCTAACACACTTAGATGTTAACTTACCATATGGTATTTTCTTTGAAATGACATGGGCTAGCTTACGTCGCTGTATGCCTGTTGCATCTGGTGGTATCCACTGTGGTCAAATGCACCAATTAGTTCACTATTTAGGTGATGATGTTGTATTACAATTTGGTGGTGGAACAATTGGTCACCCTGATGGTATCCAAGCAGGTGCTACAGCTAACCGTGTTGCTTTAGAAGCAATGGTACTAGCTCGTAACGAA,,,,,,,,,,,,,,,,,,,,,,,,,,,,,,,,,,,,,,,,,,,,,,,,,,,,,,,,,,,,,,,,,,,,,,,,,,,,,,,,,
KT943678,Cocconeis sp.,AAAAGTGACCGTTACGAATCTGGTGTAATCCCTTACGCTAAGATGGGTTACTGGGATGCTTCATACGCAGTAAAAACTACTGACGTTCTTGCATTATTCCGTATTACACCACAACCAGGTGTAGATCCAGTAGAAGCTGCTGCAGCTGTAGCTGGTGAATCTTCAACAGCAACATGGACAGTTGTATGGACTGATTTATTAACAGCTTGTGACCGTTACCGTGCCAAAGCTTATCGTGTAGATCCAGTTCCAAATACAACAGACGTATTCTTCGCTTTCATCGCATACGAATGTGATTTATTCGAAGAAGGTTCATTAGCTAACATTACAGCGTCTATTATTGGTAACGTATTTGGTTTTAAAGCAATCTCTGCTTTACGTTTAGAAGATATGCGTATTCCTCATTCATATTTAAAAACATTCCAAGGTCCAGCTACTGGTATTATTGTAGAACGTGAGCGTTTAAACAAATATGGTGTACCATTATTAGGTGCTACAGTAAAACCTAAATTAGGTTTATCTGGTGAAAACTACGGTCGTGTAGTTTATGAAGGTTTAAAAGGTGGTTTAGACTTCTTAAAAGATGATGAGAACATTAACTCTCAACCATTTATGCGTTGGAGAGAGCGTTTCTTAAACTGTATGGAAGGTATTAACCGTGCTGCTTCAGCAACAGGTGAAGTTAAAGGTTCATACTTAAACGTTACTGCAGGTACAATGGAAGAAGTGTACAAACGTGCTGAGTACGCTAAAGCTGTTGGTTCAGTCATTATTATGATCGATCTAGTAATGGGTTACACAGCAATCCAAAGTATTGCTCTTTGGTCTCGTGACAACGATATGGTTTTACATTTACACCGTGCAGGTAACTCAACTTACGCTCGTCAAAAAAATCATGGTATTAACTTCCGTGTTATTTGTAAATGGATGCGTATGTGTGGTGTAGATCATATCCACGCTGGTACAGTTGTAGGTAAATTAGAAGGTGATCCTTTAATGATTAAAGGTTTCTACGATATTTTACGTTTTACTCACTTAGATGTGAACTTACCATTTGGTATCTTCTTCGAAATGTCATGGGCTAGTTTACGTAA,,,,,,,,,,,,,,,,,,,,,,,,,,,,,,,,,,,,,,,,,,,,,,,,,,,,,,,,,,,,,,,,,,,,,,,,,,,,,,,,,
KT943679,Cocconeis cf. mascarenica,AGTGACCGTTACGAATCTGGTGTAATCCCTTACGCTAAAATGGGTTACTGGGATGCTTCATACGCAGTTAAAACTACTGACGTTCTTGCATTATTCCGTATTACACCACAACCAGGTGTAGATCCAGTAGAAGCTGCAGCAGCTGTAGCTGGTGAATCTTCAACAGCAACATGGACAGTTGTATGGACTGATTTATTAACAGCTTGTGACCGTTACCGTGCTAAAGCTTACCGTGTAGATCCAGTTCCAAATACGACAGATCAATTCTTCGCTTTCATCGCATACGAATGTGATTTATTTGAAGAAGGTTCATTAGCTAACATCACAGCGTCTATCATTGGTAACGTATTCGGTTTTAAAGCCGTATCTGCTTTACGTTTAGAAGATATGCGTATTCCTCACACATACTTAAAAACATTCCAAGGTCCAGCGACTGGTATTATTGTAGAACGTGAGCGTTTAAACAAATACGGTATACCATTATTAGGTGCTACAGTAAAACCTAAATTAGGTTTATCTGGTAAAAACTATGGTCGTGTAGTTTATGAAGGTTTAAAAGGTGGTTTAGACTTCTTAAAAGATGATGAGAACATTAACTCACAACCATTCATGCGTTGGAGAGAGCGTTTCTTATACTGTATGGAAGGCATTAACCGTGCTTCTTCAGCAACAGGTGAAGTTAAAGGTTCATACTTAAACATCACTGCAGGTACAATGGAAGAAGTATACAAACGTGCTGAATATGCTAAAGCTGTTGGTTCAGTAATTGTAATGATCGATTTAGTAATGGGTTACACAGCAATTCAAAGTGCTGCTATCTGGTCGCGTGAAAATGATATGATTTTACATTTACACCGTGCAGGTAACTCTACATATGCTCGTCAAAAGAACCATGGTATCAACTTCCGTGTTATCTGTAAATGGATGCGTATGGCTGGTGTAGATCATATCCACGCTGGTACAGTTGTAGGTAAATTAGAAGGTGATCCTTTAATGATTAAAGGTTTCTACGATGTTTTACGTTTACCACATTTAGATGTTAACTTACCATATGGTATTTTCTTCGAAATGTCATGGGCAAGT,,,,,,,,,,,,,,,,,,,,,,,,,,,,,,,,,,,,,,,,,,,,,,,,,,,,,,,,,,,,,,,,,,,,,,,,,,,,,,,,,
KT943680,Cocconeis cf. cupulifera,ACTCGAAACAAAAGTGACCGTTACGAATCTGGTGTAATCCCTTATGCTAAAATGGGTTACTGGGATGCTTCATACGCAGTAAAAACTACTGACGTTCTTGCATTATTCCGTATTACACCACAACCAGGTGTGGATCCAGTAGAAGCAGCTGCTGCTGTAGCTGGTGAATCTTCAACAGCTACGTGGACAGTTGTATGGACAGATTTATTAACAGCTTGTGATCGTTACCGTGCGAAAGCTTATCGTGTATATCCAGTTCCTAATACAACAGATCAATTCTTCGCTTTCATCGCATACGAATGTGATTTATTCGAAGAAGGTTCATTAGCTAACATTACAGCGTCTATTATTGGTAACGTATTCGGTTTCAAAGCAATTTCTGCTTTACGTTTAGAAGATATGCGTATTCCTCACTCGTACTTAAAAACATTCCAAGGTCCTGCTACAGGTATCATTGTGGAACGTGAACGTTTAAACAAATACGGTATTCCATTATTAGGTGCTACAGTAAAACCTAAATTAGGTTTATCTGGTAAAAACTATGGTCGTGTAGTATTCGAAGGTTTAAAAGGTGGTTTAGACTTCTTAAAAGATGATGAAAACATTAACTCTCAACCATTCATGCGTTGGAGAGAACGTTTCTTATACTGTATGGAAGGTATTAACCGTGCTGCATCAGCTACTGGTGAAGTTAAAGGTTCATACTTAAACGTTACAGCAGGTACAATGGAAGAAGTGTACAAACGTGCTGAATATGCTAAAGCGGTAGGTTCAGTAATTATCATGATCGATTTAGTAATGGGTTACACAGCAATCCAAAGTATTGCTATCTGGGCTCGTGAACACGATATGCTTTTACATTTACACCGTGCAGGTAACTCTACTTACGCTCGTCAAAAAAATCATGGTATTAATTTCCGTGTTATTTGTAAATGGATGCGTATGTCTGGTGTAGATCATATTCACGCTGGTACAGTTGTAGGTAAATTAGAAGGTGATCCTTTAATGATTAAAGGTTTCTACGATATTTTACGTTTAACACATTTAGATGTTAACTTACCATATGGTATTTTCTTCGAAATGACATGGGCTAGTTTACGTAAATGTATGCCAGTAGCATCAGGTGGTATTCACTGTGGTCAAATGCACCAATTAGTTCACTATTTAGGTGATGATGTTGTATTACAATTCGGTGGTGGTACAATTGGTCACCCTGATGGTATTCAAGCAGGTGCTACAGCTAACCGTGTTGCTTTAGAAGCAATGGTATTAGCTCGTAATGAAGGTGTTGATTACTTTAATAATGATATTGGTCCTCAAATTTTACGCGACGCA,,,,,,,,,,,,,,,,,,,,,,,,,,,,,,,,,,,,,,,,,,,,,,,,,,,,,,,,,,,,,,,,,,,,,,,,,,,,,,,,,
KU179120,Cocconeis sp.,ACTCGAATYAAAAGTGACCGTTACGAATCTGGTGTAATCCCTTATGCTAAAATGGGTTACTGGGATGCTTCATACGCAGTAAAAACTACTGATGTTCTTGCATTATTCCGTATTACACCACAACCAGGTGTAGATCCAGTAGAAGCCGCAGCAGCTGTAGCTGGTGAATCTTCAACAGCAACATGGACAGTTGTATGGACAGATTTATTAACAGCTTGTGATCGTTACCGTGCGAAAGCTTATCGTGTAGATCCAGTTCCTAATACAACAGATCAATTCTTCGCTTTTATCGCATACGAATGTGATTTATTTGAAGAAGGTTCATTAGCTAACATTACAGCATCTATCATCGGTAACGTATTCGGTTTCAAAGCAGTTTCTGCTTTACGTTTAGAAGATATGCGTATTCCTCACTCATACTTAAAAACATTCCAAGGTCCTGCTACTGGTATCATTGTGGAACGTGAACGTTTAAACAAATACGGTATTCCATTATTAGGTGCTACAGTAAAACCTAAATTAGGTTTATCTGGTAAAAACTACGGTCGTGTAGTATACGAAGGTTTAAAAGGTGGTTTAGACTTCTTAAAAGATGATGAAAACATTAACTCTCAACCATTTATGCGTTGGAGAGAGCGTTTCTTATACTGTATGGAAGGTATTAACCGTGCTGCATCAGCTACAGGTGAAGTGAAAGGTTCGTACTTAAACGTTACTGCAGGTACAATGGAAGAAGTGTACAAACGTGCTGAATACGCTAAAGCGGTAGGTTCAGTAATTATCATGATCGATTTAGTAATGGGTTACACAGCAATTCAAAGTATTGCTATTTGGGCTCGTGAAAACGATATGCTTTTACATTTACACCGTGCAGGTAACTCTACTTACGCTCGTCAAAAAAACCATGGTATCAACTTCCGTGTGATTTGTAAATGGATGCGTATGTCTGGTGTAGATCATATTCACGCAGGTACAGTTGTAGGTAAATTAGAAGGTGTACCTTTAATGATTAAAGG,,,,,,,,,,,,,,,,,,,,,,,,,,,,,,,,,,,,,,,,,,,,,,,,,,,,,,,,,,,,,,,,,,,,,,,,,,,,,,,,,
KU179121,Cocconeis sp.,AAAAGTGACCGTTACGAATCTGGTGTAATTCCTTACGCTAAAATGGGTTACTGGGATGCTTCATACGCAGTAAAAACTACTGACGTTCTTGCTTTATTCCGTATTACACCACAACCAGGTGTAGATCCAGTAGAAGCTGCTGCAGCTGTAGCAGGTGAATCTTCAACAGCAACATGGACAGTTGTATGGACTGATTTATTAACAGCTTGTGACCGTTACCGTGCAAAAGCTTACCGTGTAGATCCAGTTCCGAATACAACAGACCAATTCTTTGCATTTATCGCATACGAATGTGATCTATTTGAAGAAGGTTCATTAGCGAACTTAACAGCATCTATTATTGGTAACGTATTCGGTTTCAAAGCCGTATCTGCTTTACGTTTAGAAGATATGCGTATTCCACACTCATATTTAAAAACATTCCAAGGTCCAGCAACTGGTATCATTGTAGAACGTGAGCGTTTAAACAAATACGGTGCACCGTTATTAGGTGCTACAGTAAAACCTAAGTTAGGTTTATCAGGCAAAAACTATGGTCGTGTAGTTTATGAAGGTTTAAAAGGTGGTTTAGACTTCTTAAAAGATGATGAAAACATTAACTCACAACCATTCATGCGTTGGAGAGAACGTTTCTTATACTGTATGGAAGGTATTAACCGCGCTTCTGCATCTACAGGTGAAACTAAAGGTTCATACTTAAACATTACGGCAGGTACAATGGAAGAAGTGTACAAACGTGCTGAATATGCTAAAGCTGTAGGTTCAGTAATTGTTATGATCGATTTAGTAATGGGCTATACAGCAATTCAAAGTGCTGCAATCTGGTCTCGTGAAAATGACATGCTTTTACACTTACACCGTGCGGGTAACTCAACATATGCTCGTCAAAAAAATCATGGTATTAATTTCCGTGTAATCTGTAAATGGATGCGTATGTCTGGTGTAGATCACATCCACGCTGGTACAGTTGTAGGTAAATTAGAAGGTGATCCTTTAATGATTAAAGGTTTCTACGATACTTTACGTTTAACACACTTAGATGTTAACTTACCATACGGTATCTTCTTCGAAATGACATGGGCTAGTTTACGTAAATGTATGCCTGTTGCGTCTGGTGGTATTCACTGTGGTC,,,,,,,,,,,,,,,,,,,,,,,,,,,,,,,,,,,,,,,,,,,,,,,,,,,,,,,,,,,,,,,,,,,,,,,,,,,,,,,,,
KY650834,Cocconeis placentula,CGAATCTGGTGTAATTCCCTATGCTAAAATGGGATACTGGGATGCCTCATATGAAGTAAAAACTACTGATGTGTTAGCATTATTTCGTATTACACCTCAACCCGGCGTAGATCCTGTAGAAGCAGCAGCTGCGGTAGCTGGTGAATCATCTACTGCTACATGGACGGTGGTATGGACTGATTTATTAACAGCTTGTGATCGTTATCGTGCAAAAGCTTACCGTGTAGATCCAGTTCCAAATACAACAGATCAATTCTTTGCCTTTGTTGCTTATGAATGTGATCTATTCGAAGAAGGTTCATTAGCAAACTTAACAGCATCAATTATCGGTAACGTATTTGGATTTAAAGCGATTTCTGCTTTACGTTTAGAAGATATGCGCATTCCTCATTCATATTTAAAAACATTCCAAGGACCTGCAACTGGTATTATTGTAGAACGTGAAAGGTTAAACAAGTATGGTACACCATTATTAGGTGCGACTGTAAAACCTAAGTTAGGATTATCAGGCAAAAACTATGGCCGTGTAGTTTACGAAGGTTTAAAAGGTGGTTTAGACTTTTTAAAAGATGATGAAAACATTAATTCTCAACCATTTATGCGTTGGAGAGAACGTTTTTTATACTGTATGGAAGGTATTAACCGTGCATCTTCAGCAACAGGTGAAACAAAAGGTTCTTATTTAAACATCACTGCAGGCACAATGGAAGAAGTTTACAAACGAGCTGAGTATGCAAAAGCTGTTGGCTCAGTCATTGTTATGATTGATTTAGTAATGGGTTATACGGCGATTCAAAGTGCAGCAATTTGGTCTCGTGATAACGATATGTTATTACATTTACATAGAGCAGGTAACTCTACTTATGCCCGCCAAAAAAATCATGGTATTAATTTCCGTGTTATTTGCAAATGGATGCGTATGTCAGGGGTTGACCATATTCATGCAGGAACAGTTGTAGGAAAATTAGAAGGTGATCCTTTAATGATT,,,,,,,,,,,,,,,,,,,,,,,,,,,,,,,,,,,,,,,,,,,,,,,,,,,,,,,,,,,,,,,,,,,,,,,,,,,,,,,,,
KY650835,Cocconeis pediculus,CGAATCTGGTGTAATTCCCTATGCTAAAATGGGATACTGGGATGCCTCATATGAAGTAAAAACTACTGATGTGTTAGCATTATTTCGTATTACACCTCAACCCGGCGTAGATCCTGTAGAAGCAGCAGCTGCTGTAGCTGGTGAATCATCTACTGCTACATGGACAGTGGTATGGACTGATTTATTAACAGCTTGTGATCGTTATCGTGCAAAAGCTTACCGTGTAGATCCAGTTCCTAATACAACAGATCAATTCTTTGCTTTTGTTGCTTATGAATGTGATCTATTCGAAGAAGGTTCATTAGCAAACTTAACAGCATCAATTATCGGTAACGTATTTGGATTTAAAGCTATTTCTGCTTTACGTTTAGAAGATATGCGCATTCCTCATTCATATTTAAAAACCTTCCAAGGACCTGCAACTGGTATTATTGTAGAACGTGAACGTTTAAACAAGTATGGTACACCATTATTAGGTGCGACTGTAAAACCTAAGTTAGGACTATCAGGCAAAAACTATGGACGTGTAGTTTACGAAGGTTTAAAAGGTGGTTTAGACTTTTTAAAAGACGATGAAAACATTAATTCTCAACCATTTATGCGTTGGAGAGAACGTTTTTTATACTGTATGGAAGGTATTAACCGTGCATCTTCAGCAACAGGTGAAACAAAAGGTTCTTATTTAAACATCACTGCAGGCACAATGGAAGAAGTTTACAAACGAGCAGAGTATGCAAAAGCTGTTGGCTCAGTAATTGTTATGATTGATTTAGTAATGGGTTATACGGCGATTCAAAGTGCAGCAATTTGGTCTCGTGATAATGATATGTTATTACATTTACATAGAGCAGGTAACTCTACTTACGCCCGTCAAAAAAATCATGGTATTAACTTCCGTGTTATTTGCAAATGGATGCGTATGTCAGGGGTTGACCATATCCATGCTGGAACAGTTGTAGGAAAATTAGAAGGTGATCCTTTAATGATT,,,,,,,,,,,,,,,,,,,,,,,,,,,,,,,,,,,,,,,,,,,,,,,,,,,,,,,,,,,,,,,,,,,,,,,,,,,,,,,,,
UK689-rbcl,Cocconeis placentula,ATGTCTCAATCTGTATCAGAACGGACTCGAATCAAAAGTGACCGTTACGAATCTGGTGTAATTCCCTATGCTAAAATGGGATACTGGGATGCCTCATATGAAGTAAAAACTACTGATGTGTTAGCATTATTTCGTATTACACCTCAACCTGGCGTAGATCCTGTAGAAGCAGCTGCTGCGGTAGCTGGTGAATCATCTACTGCTACATGGACAGTGGTATGGACTGATTTATTAACAGCTTGTGATCGTTATCGTGCAAAAGCTTACCGTGTAGATCCAGTTCCAAATACAACAGATCAATTCTTTGCTTTTATTGCTTATGAATGTGATGTATTCGAAGAAGGTTCATTAGCAAACTTAACAGCATCAATTATCGGTAACGTATTTGGATTTAAAGCGGTTTCTGCTTTACGTTTAGAAGATATGCGAATTCCTCATTCATATTTAAAAACATTCCAAGGACCGGCAACTGGTATTATTGTAGAACGTGAACGTTTAAACAAGTATGGTACACCATTATTAGGTGCGACTGTAAAACCTAAGTTAGGATTATCAGGCAAAAACTATGGCCGTGTAGTTTACGAAGGTTTAAAAGGTGGTTTAGACTTTTTAAAAGATGATGAAAACATTAATTCTCAACCATTTATGCGTTGGAGAGAGCGTTTTTTATACTGTATGGAAGGTATTAATCGTGCATCTTCAGCAACAGGTGAAACAAAAGGTTCTTATTTAAACATCACTGCAGGAACAATGGAAGAAGTTTATAAACGAGCTGAGTATGCAAAAGCTGTTGGCTCAGTAATTGTTATGATTGATTTAGTAATGGGTTATACGGCGATTCAAAGTGCAGCAATTTGGTCTCGTGATAACGATATGTTATTACATTTACATAGAGCAGGTAACTCTACTTACGCCCGCCAAAAAAATCATGGTATTAATTTCCGTGTTATTTGCAAATGGATGCGTATGTCAGGAGTTGACCATATCCATGCTGGAACAGTTGTAGGAAAATTAGAAGGTGATCCTTTAATGATTAAAGGCTTCTATGACACTTTAAGATTAACTCATCTAAATGTTAACTTACCTTACGGGATTTTCTTTGAAATGACATGGGCAAGTTTAAGAAAATGTATGCCTGTTGCGTCTGGTGGAATTCACTGTGGTCAAATGCACCAATTAGTTCATTATTTAGGTGATGATGTGATTTTACAATTTGGTGGTGGTACAATTGGACATCCTGATGGTATTCAAGCAGGAGCTACAGCAAATCGTGTTGCATTAGAAGCAATGGTGTTAGCACGAAATGAAGGAGCTGATTATTTTAACAATAATATTGGTCCACAAATTTTACGCGATGCTGCTAAAACATGTGGTCCTTTACAAACAGCTTTAGATTTATGGAAAGATATTAGTTTCAACTATACATCTACAGATACAGCTGATTTT,,,,,,,,,,,,,,,,,,,,,,,,,,,,,,,,,,,,,,,,,,,,,,,,,,,,,,,,,,,,,,,,,,,,,,,,,,,,,,,,,
UK723-rbcl,Cocconeis pediculus,ATGTCTCAATCTGTATCAGAACGGACTCGAATCAAAAGTGACCGTTACGAATCTGGTGTAATTCCCTATGCTAAAATGGGATACTGGGATGCCTCATATGAAGTAAAAACTACTGATGTGTTAGCATTATTTCGTATTACACCTCAACCCGGCGTAGATCCTGTAGAAGCAGCAGCTGCTGTAGCTGGTGAATCATCTACTGCTACATGGACAGTGGTATGGACTGATTTATTAACAGCTTGTGATCGTTATCGTGCAAAAGCTTACCGTGTAGATCCAGTTCCTAATACAACAGATCAATTCTTTGCTTTTGTTGCTTATGAATGTGATGTATTCGAAGAAGGTTCATTAGCAAACTTAACAGCATCAATTATCGGTAACGTATTTGGATTTAAAGCTATTTCTGCTTTACGTTTAGAAGATATGCGCATTCCTCATTCATATTTAAAAACCTTCCAAGGACCTGCAACTGGTATTATTGTAGAACGTGAACGTTTAAACAAGTATGGTACACCATTATTAGGTGCGACTGTAAAACCTAAGTTAGGACTATCAGGCAAAAACTATGGACGTGTAGTTTACGAAGGTTTAAAAGGTGGTTTAGACTTTTTAAAAGACGATGAAAACATTAATTCTCAACCATTTATGCGTTGGAGAGAACGTTTTTTATACTGTATGGAAGGTATTAACCGTGCATCTTCAGCAACAGGTGAAACAAAAGGTTCTTATTTAAACATCACTGCAGGCACAATGGAAGAAGTTTACAAACGAGCAGAGTATGCAAAAGCTGTTGGCTCAGTAATTGTTATGATTGATTTAGTAATGGGTTATACGGCGATTCAAAGTGCAGCAATTTGGTCTCGTGATAATGATATGTTATTACATTTACATAGAGCAGGTAACTCTACTTACGCCCGTCAAAAAAATCATGGTATTAACTTCCGTGTTATTTGCAAATGGATGCGTATGTCAGGGGTTGACCATATCCATGCTGGAACAGTTGTAGGAAAATTAGAAGGTGACCCTTTAATGATTAAAGGGTTCTATGATGTTTTAAGATTAACTCATCTAAATGTTAACTTACCTTACGGTATTTTCTTTGAAATGACATGGGCAAGTTTAAGAAAATGTATGCCGGTTGCCTCTGGTGGAATTCACTGTGGTCAAATGCACCAATTAGTTCATTTATTAGGTGATGATGTGATTTTACAATTTGGTGGTGGTACAATCGGACATCCTGATGGTATTCAAGCCGGAGCTACAGCGAATCGTGTTGCATTAGAAGCAATGTTGTTAGCTCGAAATGAAGGAGCTGACTATTTTAATAATAATATTGGTCCACAAATTTTACGCGATGCTGCTAAAACATGTGGTCCTTTACAAACAGCTTTAGATTTATGGAAAGATATTAGTTTCAACTATACATCTACAGATACAGCTGATTTC,,,,,,,,,,,,,,,,,,,,,,,,,,,,,,,,,,,,,,,,,,,,,,,,,,,,,,,,,,,,,,,,,,,,,,,,,,,,,,,,,
TCC1078,Cocconeis placentula,CATCACTGCAGGTACAATGGAAGAAGTTTACAAACGAGCTGAGTATGCAAAAGCTGTTGGCTCAATCATTGTTATGATCGATTTAGTAATGGGTTATACGGCCATTCAAAGTGCAGCAATTTGGTCTCGTGATAACGATATGTTATTACATTTACATAGAGCAGGTAACTCTACTTACGCTCGCCAAAAAAATCATGGTATTAATTTCCGTGTTATTTGCAAATGGATGCGTATGTCAGGTGTTGACCATATCCATGCTGGAA,,,,,,,,,,,,,,,,,,,,,,,,,,,,,,,,,,,,,,,,,,,,,,,,,,,,,,,,,,,,,,,,,,,,,,,,,,,,,,,,,
MK454988,Cocconeis mascarenica,AAAAGTGACCGTTACGAATCTGGTGTAATCCCTTATGCTAAAATGGGTTACTGGGATGCTTCATACGCAGTAAAAACTACTGATGTTCTTGCGTTATTCCGTATTACACCACAACCAGGTGTAGATCCAGTAGAAGCAGCAGCAGCTGTAGCTGGTGAATCTTCAACAGCAACATGGACAGTTGTATGGACAGATTTATTAACAGCTTGTGATCGTTACCGTGCGAAAGCTTATCGTGTAGATCCAGTTCCTAATACAACAGATCAATTCTTCGCTTTTATCGCATACGAATGTGATTTATTTGAAGAAGGTTCATTAGCTAACATTACAGCATCTATCATTGGTAACGTATTCGGTTTCAAAGCAGTTTCTGCTTTACGTTTAGAAGATATGCGTATTCCTCACTCATACTTAAAAACATTCCAAGGTCCTGCTACTGGTATCATTGTGGAACGTGAACGTTTAAACAAATACGGTATCCCATTATTAGGTGCTACAGTAAAACCTAAATTAGGTTTATCTGGTAAAAACTACGGTCGTGTAGTATATGAAGGTTTAAAAGGTGGTTTAGACTTCTTAAAAGATGATGAAAACATTAACTCTCAACCATTTATGCGTTGGAGAGAGCGTTTCTTATACTGTATGGAAGGCATTAACCGTGCTGCATCAGCTACAGGTGAAGTTAAAGGTTCATACTTAAACGTTACTGCAGGTACAATGGAAGAAGTGTACAAACGTGCTGAATACGCTAAAGCTGTAGGTTCAGTAATTATCATGATCGATTTAGTAATGGGTTACACAGCAATCCAAAGTATTGCTATTTGGGCTCGTGAAAACGATATGCTTTTACATTTACACCGTGCGGGTAACTCTACTTACGCTCGTCAAAAAAACCATGGTATCAACTTCCGTGTTATTTGTAAATGGATGCGTATGTCTGGTGTAGATCATATTCACGCTGGTACAGTTGTAGGTAAATTAGAAGGTGATCCTTTAATGATTAAAGGTTTCTACGATACTTTACGTTTAACACATTTAGATGTTAACTTACCATATGGTATTTTCTTCGAAATGACATGGGCTAGTTTACGTAAATGTATGCCTGTAGCATCAGGTGGTATTCACTGTGGTCAAATGCACCAATTAGTTCACTATTTAGGTGATGATGTTGTATTACAATTCGGTGGTGGTACAATTGGTCACCCTGATGGTATTCAAGCAGGTGCTACAGCGAACCGTGTTGCTTTAGAAGCAATGGTATTAGCTCGTAATGAAGGTGTTGATTACTTTAACAGTGATATTGGTCCTCAAATTTTACGCGACGCAGCGAAAACATGTGGTCCTTTACAAACAGCTTTAGAT,,,,,,,,,,,,,,,,,,,,,,,,,,,,,,,,,,,,,,,,,,,,,,,,,,,,,,,,,,,,,,,,,,,,,,,,,,,,,,,,,
ETAL-ASV70,Cocconeis sp. 1_Atlas_Réunion_2019,CATCACTGCAGGGACAATGGAAGAAGTTTACAAACGAGCTGAGTATGCCAAAGCTGTTGGATCAATAATTGTTATGATCGATTTAGTAATGGGTTATACGGCAATTCAAAGTGCAGCAATTTGGTCTCGTGATAACGATATGTTATTACATTTACATAGAGCAGGGAACTCTACTTACGCGCGTCAAAAAAATCATGGGATTAATTTCCGTGTTATTTGCAAATGGATGCGTATGTCAGGGGTTGACCATATTCATGCTGGAA,,,,,,,,,,,,,,,,,,,,,,,,,,,,,,,,,,,,,,,,,,,,,,,,,,,,,,,,,,,,,,,,,,,,,,,,,,,,,,,,,
SEAM-ASV80,Cocconeis pediculus,CATCACTGCAGGCACAATGGAAGAAGTTTACAAACGAGCAGAGTATGCAAAAGCTGTTGGCTCAGTAATTGTTATGATTGATTTAGTAATGGGTTATACGGCGATTCAAAGTGCAGCAATTTGGTCTCGTGATAATGATATGTTATTACATTTACATAGAGCAGGTAACTCTACTTACGCCCGTCAAAAAAATCATGGTATTAACTTCCGTGTTATTTGCAAATGGATGCGTATGTCAGGGGTTGACCATATCCATGCTGGAA,,,,,,,,,,,,,,,,,,,,,,,,,,,,,,,,,,,,,,,,,,,,,,,,,,,,,,,,,,,,,,,,,,,,,,,,,,,,,,,,,
JN162826,Tabularia fasciculata,AGAAGATATGCGTATTCCTCACTCATACTTAAAAACATTCCAAGGTCCAGCTACAGGTATTGTTGTAGAACGTGAACGTTTAAACAAATATGGTGTTCCTTTATTAGGTGCTACTGTTAAACCAAAATTAGGTTTATCTGGTAAAAACTATGGTCGTGTAGTATATGAAGGTTTAAAAGGTGGTTTAGACTTCTTAAAAGATGATGAGAATATTAACTCACAACCATTTATGCGTTGGAGAGAGCGTTTCTTATACTGTATGGAAGGTATTAATCGTGCTTCAGCTGCTACAGGTGAAACTAAAGGTTCTTACTTAAACGTTACAGCTGCTACTATGGAAGATGTATACAAACGTAGTGAGTATGCTAAAGCTGTAGGTTCTGTAATTGTAATGATTGATTTAGTAATGGGTTATACAGCTATTCAAAGTGCTGCTATTTGGGCTCGTGAAAATGATATGGTTTTACATTTACACCGTGCAGGTAACTCTACTTATGCTCGTCAAAAAAATCATGGTATTAACTTCCGTGTAATTTGTAA,,,,,,,,,,,,,,,,,,,,,,,,,,,,,,,,,,,,,,,,,,,,,,,,,,,,,,,,,,,,,,,,,,,,,,,,,,,,,,,,,
JN162827,Tabularia fasciculata,AGAAGATATGCGTATTCCTCATTCATACTTAAAAACATTCCAAGGTCCAGCTACAGGTATCGTTGTAGAACGTGAACGTTTAAACAAATACGGTGTTCCTTTATTAGGTGCGACTGTTAAACCAAAATTAGGTTTATCTGGTAAAAACTACGGTCGTGTAGTATATGAAGGTTTAAAAGGTGGTTTAGACTTCTTAAAAGATGATGAGAATATTAACTCACAACCATTTATGCGTTGGAGAGAGCGTTTCTTATACTGTATGGAAGGTATTAACCGTGCTTCAGCTGCTACAGGTGAAAGTAAAGGTTCTTACTTAAACGTTACAGCTGCTACTATGGAAGATGTATACAAACGTAGTGAGTATGCTAAAGCTGTAGGTTCTATAATTGTAATGATTGATTTAGTAATGGGTTATACAGCTATTCAAAGTGCTGCTATTTGGGCTCGTGAAAATGATATGGTTTTACATTTACACCGTGCAGGTAACTCTACTTATGCTCGTCAAAAAAATCATGGTATTAACTTCCGTGTAATTTGTAA,,,,,,,,,,,,,,,,,,,,,,,,,,,,,,,,,,,,,,,,,,,,,,,,,,,,,,,,,,,,,,,,,,,,,,,,,,,,,,,,,
AB430690,Tabularia laevis,AGTGACCGTTACGAATCTGGTGTAATCCCTTACGCTAAAATGGGTTACTGGGATGCTTCATACGCTGTAAAAACTACTGATATTTTAGCATTATTCCGTATTACTCCACAGCCAGGTGTAGATCCAGTAGAAGCTGCTGCTGCAGTTGCTGGTGAATCTTCAACAGCTACATGGACTGTTGTATGGACAGATTTATTAACAGCTTGTGAGCGCTACCGTGCTAAAGCTTACCGTGTAGATCCAGTTCCAAACGCAACTGACCAATACTTCGCTTTTATCGCATATGAATGTGATTTATTTGAAGAAGGTTCTTTAGCTAACTTAACAGCTTCTATTATTGGTAACGTATTTGGTTTCAAAGCTGTATCTGCTTTACGTTTAGAAGATATGCGTATTCCTCACTCATATTTAAAAACATTCCAAGGTCCTGCAACAGGTATCGTTGTAGAACGTGAGCGTTTAAACAAATATGGTATTCCTTTATTAGGTGCCACTGTTAAGCCAAAATTAGGTTTATCTGGTAAAAACTACGGTCGTGTAGTATATGAAGGTTTAAAAGGTGGTTTAGACTTCTTAAAAGATGATGAGAACATTAACTCACAACCATTTATGCGTTGGAGAGAGCGTTTCTTATACTGTATGGAAGGTATTAACCGTGCTACAGCTGCTACAGGTGAAACTAAAGGTTCTTACCTAAACATTACAGCTGCTACTATGGAAGAAGTATATAAACGTGCAGAATATGCTAAAGCTGTAGGTTCTGTAATTGTAATGATCGATTTAGTAATGGGTTATACAGCTATTCAAAGTGCTGCTATTTGGTCTCGTGAAAACGACATGCTTTTACACTTACACCGTGCTGGTAACTCTACATATGCTCGTCAAAAAAACCATGGTATTAACTTCCGTGTAATTTGTAAATGGATGCGTATGTCTGGTGTTGATCATATCCACGCTGGTACAGTTGTAGGTAAATTAGAAGGTGATCCTTTAATGATTAAAGGTTTCTACGATGTATTACGTTTAATGACTTTAGACGTTAACTTACCGTACGGTATCTTCTTCGAAATGGATTGGGCTAGTTTACGTAAGTGTATGCCAGTTGCTTCAGGTGGTATTCACTGTGGTCAAATGCATCAATTAGTTCACTATTTAGGTGATGACGTTATCTTACAATTCGGTGGTGGTACAATTGGTCACCCTGATGGTATTCAAGCTGGTGCTACAGCTAACCGTGTAGCTTTAGAAGCTATGGTTATGGCTCGTAACGAAGGTGCTGACTACTTCAATCAAGATGTAGGTCCACAAATCTTACGTGAAGCGGCTAGAACTTGTGGTCCTTTACAGACAGCTTTAGATTTATGGAAAGATATCAGCTTCAACTACACATCTACGGATACAGCTGATTTCGCAGAAACACCAACAGCA,,,,,,,,,,,,,,,,,,,,,,,,,,,,,,,,,,,,,,,,,,,,,,,,,,,,,,,,,,,,,,,,,,,,,,,,,,,,,,,,,
FJ002156,Tabularia tabulata,TGCTTCATACCCTGTAAAAACAACTGATGTTTTAGCATTATTCCGTATTACTCCACAGCCAGGTGTAGATCCAGTACAAGCTGCTGCTGCAGTTGCTGGTGAATCTTCAACAGCTACATGGACTGTTGTATGGACTGATTTATTAACAGCTTGTGAGCGCTATCGTGCTAAAGCTTACCGTGTAGATCCAGTTCCAAATGCAACTGACCAATACTTCGCTTTCATCGCATACGAATGTGATTTATTTGAAGAAGGTTCTTTAGCTAACTTAACAGCTTCGATTATTGGTAACGTATTTGGTTTCAAGGCTGTATCTGCTTTACGTTTAGAAGATATGCGTATTCCTCACTCATACTTAAAAACATTCCAAGGCCCAGCTACAGGTATTGTTGTAGAACGTGAGCGTTTAAACAAATATGGTGTTCCTTTATTAGGTGCTACTGTTAAACCAAAATTAGGTTTATCTGGTAAAAACTACGGTCGTGTAGTATATGAAGGTTTAAAAGGTGGTTTAGACTTCTTAAAAGATGATGAGAACATTAACTCACAACCATTTATGCGTTGGAGAGAGCGTTTCTTATACTGTATGGAAGGTATTAATCGTGCTTCAGCTGCTACAGGTGAAACTAAAGGTTCTTACTTAAACGTTACAGCTGCTACTATGGAAGACGTATACAAACGTAGTGAGTATGCTAAAGCTGTAGGTTCTGTAATTATCATGATTGATTTAGTAATGGGTTATACAGCTATTCAAAGTGCTGCTATCTGGGCTCGTGAAAATGATATGGTTTTACATTTACACCGTGCAGGTAACTCTACTTATGCTCGTCAGAAAAACCATGGTATTAATTTCCGTGTAATCTGTAAATGGATGCGTATGTCTGGTGTAGATCATATCCACGCTGGTACAGTTGTTGGTAAATTAGAAGGTGATCCTTTAATGATTAAAGGTTTCTACGATGTATTACGTTTAATGAACTTAAATGTTAACTTACCTTATGGTATCTTCTTTGAAATGGACTGGGCTAGTTTACGTAAATGTATGCCAGTTGCTTCAGGTGGTATTCACTGTGGTCAAATGCACCAATTAATTCATTATTTAGGTGATGATGTTGTATTACAATTTGGTGGTGGTACTATTGGTCACCCTGAT,,,,,,,,,,,,,,,,,,,,,,,,,,,,,,,,,,,,,,,,,,,,,,,,,,,,,,,,,,,,,,,,,,,,,,,,,,,,,,,,,
HQ912479,Tabularia tabulata,ATGTCTCAATCTGTATCAGAACGGACTCGAATCAAAAGTGACCGTTACGAATCTGGTGTAATTCCTTACGCTAAAATGGGTTACTGGGATGCTTCATACGCTGTAAAAACAACTGATGTTTTAGCATTATTCCGTATTACTCCACAGCCAGGTGTAGATCCAGTAGAAGCTGCTGCTGCAGTTGCTGGTGAATCTTCAACAGCTACATGGACTGTTGTATGGACTGATTTATTAACAGCTTGTGAGCGCTATCGTGCTAAAGCTTACCGTGTAGATCCAGTTCCAAATGCAACTGACCAATACTTCGCTTTCATCGCATACGAATGTGATTTATTTGAAGAAGGTTCTTTAGCTAACTTAACAGCTTCGATTATTGGTAACGTATTTGGTTTCAAGGCTGTATCTGCTTTACGTTTAGAAGATATGCGTATTCCTCACTCATACTTAAAAACATTCCAAGGCCCAGCTACAGGTATTGTTGTAGAACGTGAGCGTTTAAACAAATATGGTGTTCCTTTATTAGGTGCTACTGTTAAACCAAAATTAGGTTTATCTGGTAAAAACTACGGTCGTGTAGTATATGAAGGTTTAAAAGGTGGTTTAGACTTCTTAAAAGATGATGAGAACATTAACTCACAACCATTTATGCGTTGGAGAGAGCGTTTCTTATACTGTATGGAAGGTATTAATCGTGCTTCAGCTGCTACAGGTGAAACTAAAGGTTCTTACTTAAACGTTACAGCTGCTACTATGGAAGACGTATACAAACGTAGTGAGTATGCTAAAGCTGTAGGTTCTGTAATTATCATGATTGATTTAGTAATGGGTTATACAGCTATTCAAAGTGCTGCTATCTGGGCTCGTGAAAATGATATGGTTTTACATTTACACCGTGCAGGTAACTCTACTTATGCTCGTCAGAAAAACCATGGTATTAATTTCCGTGTAATCTGTAAATGGATGCGTATGTCTGGTGTAGATCATATCCACGCTGGTACAGTTGTTGGTAAATTAGAAGGTGATCCTTTAATGATTAAAGGTTTCTACGATGTATTACGTTTAATGAACTTAAATGTTAACTTACCTTATGGTATCTTCTTTGAAATGGACTGGGCTAGTTTACGTAAATGTATGCCAGTTGCTTCAGGTGGTATTCACTGTGGTCAAATGCACCAATTAATTCATTATTTAGGTGATGATGTTGTATTACAATTTGGTGGTGGTACTATTGGTCACCCTGATGGTATTCAAGCCGGTGCGACTGCTAACCGTGTAGCTTTAGAAGCTATGGTTATGGCTCGTAATGAAGGTGCTGATTACTTCAACCAAGATATTGGTCCACAAATTTTACGTGAAGCGGCTAGAACATGTGGTCCTTTACAAACAGCTTTAGATTTATGGAAAGATATCAGCTTCAACTACACATCTACGGATACAGCTGATTTCGCAGTAACACCAACAGCAAACGTATAA,,,,,,,,,,,,,,,,,,,,,,,,,,,,,,,,,,,,,,,,,,,,,,,,,,,,,,,,,,,,,,,,,,,,,,,,,,,,,,,,,
MH064098,Gomphonemopsis cf. pseudoexigua,GTGACCGTTACGAATCTGGTGTAATTCCTTATGCTAAGATGGGTTACTGGGATGCTGCATATGCAGTAAAAAGCACTGATGTTTTAGCATTATTCCGTATCACGCCACAACCAGGTGTAGATCCAGTAGAAGCTGCAGCAGCTGTAGCAGGTGAATCATCTACTGCAACATGGACTGTTGTATGGACTGATTTATTAACAGCTTGTGATCGCTACCGTGCTAAAGCATACCGTGTAGATCCAGTTCCAAATACAACTGATCAATACTTTGCTTTCATCGCATACGAATGTGATTTATTTGAAGAAGGTTCATTAGCTAACTTAACAGCTTCTATTATTGGTAACGTATTCGGTTTCAAAGCTGTAGCTGCGTTACGTTTAGAAGATATGCGTATTCCTCATTCTTACTTAAAAACATTCCAAGGTCCTGCAACTGGTGTAGTTGTTGAACGTGAGCGTTTAAACAAATACGGTGTTCCTTTATTAGGTGCAACAGTAAAACCAAAATTAGGTTTATCAGGTAAAAACTACGGTCGTGTAGTATTTGAAGGTTTAAAAGGTGGTTTAGACTTCTTAAAAGATGATGAGAACATTAACTCACAACCATTCATGCGTTGGAGAGAGCGTTTCTTATACTGTATGGAAGGTATTAACCGTGCGTCTGCAGCAACAGGTGAAACTAAAGGTTCATACTTAAACATTACTGCTGGTACAATGGAAGAAGTGTACAAACGTGCTGAGTATGCAAAAACAGTTGGTTCTGTTATTGTTATGATCGATTTAGTTATGGGTTATACTGCAATCCAATCTATCGCGATCTGGGCTCGTGAAAATGATATGCTTTTACATTTACACCGTGCAGGTAACTCAACATATGCTCGTCAAAAAAATCATGGTATTAACTTCCGTGTTATTTGTAAATGGATGCGTATGTCTGGTGTAGATCATATCCACGCTGGTACAGTTGTTGGTAAGTTAGAAGGTGATCCTTTAATGATTAAAGGTTTCTACGATACATTATTATTAACTAACTTAGAAGTTAACTTACCATACGGTATTTTCTTCGAAATGACTTGGGCTAGTTTACGTAAATGTATGCCAGTTGCTTCTGGTGGTATCCACTGTGGTCAAATGCACCAATTAATTCACTATTTAGGTGATGATGTAGTATTACAATTTGGTGGTGGTACAATTGGTCACCCTGATGGTATTCAAGCTGGTGCTACAGCTAACCGTGTTGCTTTAGAAGCAATGGTTTTAGCTCGTAACGAAGGTATTGATTACTTCAACAACGATATTGGTCCTCAAATTTTACGCGACGCAGCTAAAA,,,,,,,,,,,,,,,,,,,,,,,,,,,,,,,,,,,,,,,,,,,,,,,,,,,,,,,,,,,,,,,,,,,,,,,,,,,,,,,,,
MK689241,Gomphonemopsis sp. RG-2019,ATGTCTCAATCTGTATCAGAACGGACTCGAATTAAAAGTGACCGTTACGAATCTGGTGTAATTCCTTATGCTAAAATGGGTTACTGGGATGCTGCGTATGCAGTAAAAAGCACTGATGTGTTAGCATTATTCCGAATCACGCCACAACCAGGTGTAGATCCTGTAGAAGCTGCTGCTGCAGTTGCTGGTGAATCATCTACAGCAACATGGACTGTTGTATGGACTGATTTATTAACAGCGTGTGACCGATATCGAGCAAAAGCATATCGTGTAGATCCAGTTCCAAATACAACGGACCAATATTTTGCTTTCATCGCTTATGAATGTGATTTATTTGAAGAAGGTTCATTAGCTAACTTAACAGCTTCGATTATCGGTAATGTATTTGGTTTTAAAGCTGTTTCTGCGTTACGTTTAGAAGATATGCGTATTCCACATTCTTATTTAAAAACGTTCCAAGGCCCTGCGACTGGTGTAGTTGTTGAACGTGAACGATTAAACAAATATGGTATTCCTTTGCTAGGTGCAACAGTAAAACCGAAATTAGGTTTATCGGGTAAAAACTATGGTCGTGTAGTATACGAAGGCTTAAAAGGTGGCTTAGATTTCTTAAAAGATGATGAGAACATTAATTCACAGCCGTTCATGCGTTGGAGAGAGCGTTTCTTATACTGTATGGAAGGTATTAACCGAGCATCTGCAGCGACTGGTGAAGTTAAAGGATCATATTTGAATATTACCGCTGGTACAATGGAAGAAGTGTATAAACGTGCCAATTATGCAAAAGCAGTTGGTTCTGTAATTGTTATGATCGATTTAGTTATGGGTTATACAGCAATTCAATCAGCTGCGATCTGGGCACGTGAGAATGATATGCTATTACATTTACATCGTGCAGGTAACTCAACATACGCTCGTCAAAAAAATCATGGTATTAATTTCCGCGTAATTTGTAAATGGATGCGTATGTCTGGTGTAGATCACATTCACGCTGGTACAGTTGTAGGTAAATTAGAAGGTGATCCTTTAATGATTAAAGGTTTTTATGACACACTATTATTAACTAACTTAGAAGTTAACTTACCATACGGTATTTTCTTTGAAATGACATGGGCTAGCTTACGTAAATGTATGCCTGTTGCTTCAGGTGGTATTCACTGTGGTCAAATGCACCAATTAGTACATTATTTAGGTGATGATGTGGTATTACAATTCGGTGGTGGTACAATCGGTCACCCAGATGGTATCCAAGCTGGTGCAACAGCTAACCGTGTTGCTTTAGAAGCAATGGTATTAGCACGTAATGAAGGTGCTGATTACTTTAACAATGATATTGGTCCACAAATTTTACGCGATGCTGCTAAAACATGTGGTCCTTTACAAACAGCTTTAGATTTATGGAAAGACATTAGTTTTAACTATACATCTACAGATACTGCTGATTTCGCTGTAACACCGACTGCAAACGTA,,,,,,,,,,,,,,,,,,,,,,,,,,,,,,,,,,,,,,,,,,,,,,,,,,,,,,,,,,,,,,,,,,,,,,,,,,,,,,,,,
,,,,,,,,,,,,,,,,,,,,,,,,,,,,,,,,,,,,,,,,,,,,,,,,,,,,,,,,,,,,,,,,,,,,,,,,,,,,,,,,,,,
,,,,,,,,,,,,,,,,,,,,,,,,,,,,,,,,,,,,,,,,,,,,,,,,,,,,,,,,,,,,,,,,,,,,,,,,,,,,,,,,,,,
,,,,,,,,,,,,,,,,,,,,,,,,,,,,,,,,,,,,,,,,,,,,,,,,,,,,,,,,,,,,,,,,,,,,,,,,,,,,,,,,,,,
,,,,,,,,,,,,,,,,,,,,,,,,,,,,,,,,,,,,,,,,,,,,,,,,,,,,,,,,,,,,,,,,,,,,,,,,,,,,,,,,,,,
,,,,,,,,,,,,,,,,,,,,,,,,,,,,,,,,,,,,,,,,,,,,,,,,,,,,,,,,,,,,,,,,,,,,,,,,,,,,,,,,,,,
,,,,,,,,,,,,,,,,,,,,,,,,,,,,,,,,,,,,,,,,,,,,,,,,,,,,,,,,,,,,,,,,,,,,,,,,,,,,,,,,,,,
,,,,,,,,,,,,,,,,,,,,,,,,,,,,,,,,,,,,,,,,,,,,,,,,,,,,,,,,,,,,,,,,,,,,,,,,,,,,,,,,,,,
,,,,,,,,,,,,,,,,,,,,,,,,,,,,,,,,,,,,,,,,,,,,,,,,,,,,,,,,,,,,,,,,,,,,,,,,,,,,,,,,,,,
,,,,,,,,,,,,,,,,,,,,,,,,,,,,,,,,,,,,,,,,,,,,,,,,,,,,,,,,,,,,,,,,,,,,,,,,,,,,,,,,,,,
,,,,,,,,,,,,,,,,,,,,,,,,,,,,,,,,,,,,,,,,,,,,,,,,,,,,,,,,,,,,,,,,,,,,,,,,,,,,,,,,,,,
,,,,,,,,,,,,,,,,,,,,,,,,,,,,,,,,,,,,,,Chaetocerotales,Mediophyceae,Bacillariophyta,Chromobiota,Chromista,Eukaryota,,"Kützing, 1842",,,Acanthocerataceae,Chaetocerotales,Chaetocerotophycidae,Mediophyceae,Bacillariophytina,Diatomeae,Diatomista,0,0,0,0,0,0,0,0,0,0,0,0,0,0,ACTS,4,plate-like,http://westerndiatoms.colorado.edu/taxa/genus/Acanthoceras,100,25,1,2500,5,box,0,27.42290512,30.16297965,Susswasserflora 90,"Longueur sans les épines, pour chaque épine, rajouter 60 µm de long"
,,,,,,,,,,,,,,,,,,,,,,,,,,,,,,,,,,,,,,Achnanthales,Bacillariophyceae,Bacillariophyta,Chromobiota,Chromista,Eukaryota,"C.Agardh, 1824","Bory, 1822",,,Achnanthaceae,Achnanthales,Bacillariophycidae,Bacillariophyceae,Bacillariophytina,Diatomeae,Diatomista,3,3,3,1,5,0,0,0,5,2,0,0,3,1,,1 or 2,?,"derived from neighbor taxa littérature, websites or photos (e.g. TCC photos)",48,16.5,10,6217.2,5,ellcyl,2.909090909,54.11547993,88.4106408,K. Krammer and H. Lange-Bertalot. Bacillariophyceae 4. Teil: Achnanthaceae. Kritische Ergänzungen zu Navicula (Lineolatae) und Gomphonema. Gesamtliteraturverzeichnis Teil 14.  1991. 437 pages.,
,,,,,,,,,,,,,,,,,,,,,,,,,,,,,,,,,,,,,,,,,,,,,,,,,,,,,,,,,,,,,,,,,,,,,,,,,,,,,,,,,,,
,,,,,,,,,,,,,,,,,,,,,,,,,,,,,,,,,,,,,,,,,,,,,,,,,,,,,,,,,,,,,,,,,,,,,,,,,,,,,,,,,,,
,,,,,,,,,,,,,,,,,,,,,,,,,,,,,,,,,,,,,,Achnanthales,Bacillariophyceae,Bacillariophyta,Chromobiota,Chromista,Eukaryota,,"Bory, 1822",,,Achnanthaceae,Achnanthales,Bacillariophycidae,Bacillariophyceae,Bacillariophytina,Diatomeae,Diatomista,4.8,2,3,1,0,0,0,0,0,0,0,0,3,1,,1 or 2,?,"derived from neighbor taxa littérature, websites or photos (e.g. TCC photos)",15,3.5,1.447619048,76,1,Omnidia,4.285714286,1.262389655,2.183106733,Biovolume of ADMI,"F. E. Round, R. M. Crawford, and D. G. Mann. The diatoms. Biology, morphology of the genera., 1990. 747 pages. + personnal observations on cultures + F. Rimet, L. Ector, H. M. Cauchie, and L. Hoffmann. Changes in diatom-dominated biofilms during simulated improvements in water quality: implications for diatom-based monitoring in rivers. Eur.J.Phycol. 44:567-577, 2009."
,,,,,,,,,,,,,,,,,,,,,,,,,,,,,,,,,,,,,,,,,,,,,,,,,,,,,,,,,,,,,,,,,,,,,,,,,,,,,,,,,,,
,,,,,,,,,,,,,,,,,,,,,,,,,,,,,,,,,,,,,,Achnanthales,Bacillariophyceae,Bacillariophyta,Chromobiota,Chromista,Eukaryota,,"Bory, 1822",,,Achnanthaceae,Achnanthales,Bacillariophycidae,Bacillariophyceae,Bacillariophytina,Diatomeae,Diatomista,#N/A,#N/A,#N/A,#N/A,#N/A,#N/A,#N/A,#N/A,#N/A,#N/A,#N/A,#N/A,#N/A,#N/A,,#N/A,#N/A,#N/A,#N/A,#N/A,#N/A,#N/A,#N/A,#N/A,#N/A,#N/A,#N/A,#N/A,#N/A
,,,,,,,,,,,,,,,,,,,,,,,,,,,,,,,,,,,,,,Achnanthales,Bacillariophyceae,Bacillariophyta,Chromobiota,Chromista,Eukaryota,"(Brébisson ex W.Smith) Grunow, 1880","Bory, 1822",,,Achnanthaceae,Achnanthales,Bacillariophycidae,Bacillariophyceae,Bacillariophytina,Diatomeae,Diatomista,4.5,3,3,1,1,1,1,1,2,5,0,0,0,0,,1 or 2,?,"derived from neighbor taxa littérature, websites or photos (e.g. TCC photos)",16,3.5,1.2,52.752,1,ellcyl,4.571428571,0.742087378,1.871891382,K. Krammer and H. Lange-Bertalot. Bacillariophyceae 4. Teil: Achnanthaceae. Kritische Ergänzungen zu Navicula (Lineolatae) und Gomphonema. Gesamtliteraturverzeichnis Teil 14.  1991. 437 pages.,
,,,,,,,,,,,,,,,,,,,,,,,,,,,,,,,,,,,,,,,,,,,,,,,,,,,,,,,,,,,,,,,,,,,,,,,,,,,,,,,,,,,
,,,,,,,,,,,,,,,,,,,,,,,,,,,,,,,,,,,,,,,,,,,,,,,,,,,,,,,,,,,,,,,,,,,,,,,,,,,,,,,,,,,
,,,,,,,,,,,,,,,,,,,,,,,,,,,,,,,,,,,,,,Achnanthales,Bacillariophyceae,Bacillariophyta,Chromobiota,Chromista,Eukaryota,"C.Agardh, 1824","Bory, 1822",,,Achnanthaceae,Achnanthales,Bacillariophycidae,Bacillariophyceae,Bacillariophytina,Diatomeae,Diatomista,3,3,3,1,5,0,0,0,5,2,0,0,3,1,ABRE,1 or 2,?,"derived from neighbor taxa littérature, websites or photos (e.g. TCC photos)",48,16.5,10,6217.2,5,ellcyl,2.909090909,54.11547993,88.4106408,K. Krammer and H. Lange-Bertalot. Bacillariophyceae 4. Teil: Achnanthaceae. Kritische Ergänzungen zu Navicula (Lineolatae) und Gomphonema. Gesamtliteraturverzeichnis Teil 14.  1991. 437 pages.,
,,,,,,,,,,,,,,,,,,,,,,,,,,,,,,,,,,,,,,,,,,,,,,,,,,,,,,,,,,,,,,,,,,,,,,,,,,,,,,,,,,,
,,,,,,,,,,,,,,,,,,,,,,,,,,,,,,,,,,,,,,,,,,,,,,,,,,,,,,,,,,,,,,,,,,,,,,,,,,,,,,,,,,,
,,,,,,,,,,,,,,,,,,,,,,,,,,,,,,,,,,,,,,Achnanthales,Bacillariophyceae,Bacillariophyta,Chromobiota,Chromista,Eukaryota,,"Bory, 1822",,,Achnanthaceae,Achnanthales,Bacillariophycidae,Bacillariophyceae,Bacillariophytina,Diatomeae,Diatomista,4.8,2,3,1,0,0,0,0,0,0,0,0,3,1,ACHS,1 or 2,?,"derived from neighbor taxa littérature, websites or photos (e.g. TCC photos)",15,3.5,1.447619048,76,1,Omnidia,4.285714286,1.262389655,2.183106733,Biovolume of ADMI,"F. E. Round, R. M. Crawford, and D. G. Mann. The diatoms. Biology, morphology of the genera., 1990. 747 pages. + personnal observations on cultures + F. Rimet, L. Ector, H. M. Cauchie, and L. Hoffmann. Changes in diatom-dominated biofilms during simulated improvements in water quality: implications for diatom-based monitoring in rivers. Eur.J.Phycol. 44:567-577, 2009."
,,,,,,,,,,,,,,,,,,,,,,,,,,,,,,,,,,,,,,,,,,,,,,,,,,,,,,,,,,,,,,,,,,,,,,,,,,,,,,,,,,,
,,,,,,,,,,,,,,,,,,,,,,,,,,,,,,,,,,,,,,Achnanthales,Bacillariophyceae,Bacillariophyta,Chromobiota,Chromista,Eukaryota,"C.Agardh, 1824","Bory, 1822",,,Achnanthaceae,Achnanthales,Bacillariophycidae,Bacillariophyceae,Bacillariophytina,Diatomeae,Diatomista,2,3,3,1,0,0,0,0,0,0,0,0,0,0,ALON,1 or 2,?,"Bedoshvili et al., 2009; Cox et al, 2006",46,18,13,8449.74,5,ellcyl,2.555555556,67.88825211,132.2163652,KLB 4 - p 251,0
,,,,,,,,,,,,,,,,,,,,,,,,,,,,,,,,,,,,,,Achnanthales,Bacillariophyceae,Bacillariophyta,Chromobiota,Chromista,Eukaryota,"(Brébisson ex W.Smith) Grunow, 1880","Bory, 1822",,,Achnanthaceae,Achnanthales,Bacillariophycidae,Bacillariophyceae,Bacillariophytina,Diatomeae,Diatomista,4.5,3,3,1,1,1,1,1,2,5,0,0,0,0,ACOA,1 or 2,?,"derived from neighbor taxa littérature, websites or photos (e.g. TCC photos)",16,3.5,1.2,52.752,1,ellcyl,4.571428571,0.742087378,1.871891382,K. Krammer and H. Lange-Bertalot. Bacillariophyceae 4. Teil: Achnanthaceae. Kritische Ergänzungen zu Navicula (Lineolatae) und Gomphonema. Gesamtliteraturverzeichnis Teil 14.  1991. 437 pages.,
,,,,,,,,,,,,,,,,,,,,,,,,,,,,,,,,,,,,,,,,,,,,,,,,,,,,,,,,,,,,,,,,,,,,,,,,,,,,,,,,,,,
,,,,,,,,,,,,,,,,,,,,,,,,,,,,,,,,,,,,,,,,,,,,,,,,,,,,,,,,,,,,,,,,,,,,,,,,,,,,,,,,,,,
,,,,,,,,,,,,,,,,,,,,,,,,,,,,,,,,,,,,,,Achnanthales,Bacillariophyceae,Bacillariophyta,Chromobiota,Chromista,Eukaryota,,"Bory, 1822",,,Achnanthaceae,Achnanthales,Bacillariophycidae,Bacillariophyceae,Bacillariophytina,Diatomeae,Diatomista,4.8,2,3,1,0,0,0,0,0,0,0,0,3,1,ACHS,1 or 2,?,"derived from neighbor taxa littérature, websites or photos (e.g. TCC photos)",15,3.5,1.447619048,76,1,Omnidia,4.285714286,1.262389655,2.183106733,Biovolume of ADMI,"F. E. Round, R. M. Crawford, and D. G. Mann. The diatoms. Biology, morphology of the genera., 1990. 747 pages. + personnal observations on cultures + F. Rimet, L. Ector, H. M. Cauchie, and L. Hoffmann. Changes in diatom-dominated biofilms during simulated improvements in water quality: implications for diatom-based monitoring in rivers. Eur.J.Phycol. 44:567-577, 2009."
,,,,,,,,,,,,,,,,,,,,,,,,,,,,,,,,,,,,,,,,,,,,,,,,,,,,,,,,,,,,,,,,,,,,,,,,,,,,,,,,,,,
,,,,,,,,,,,,,,,,,,,,,,,,,,,,,,,,,,,,,,Achnanthales,Bacillariophyceae,Bacillariophyta,Chromobiota,Chromista,Eukaryota,,"Bory, 1822",,,Achnanthaceae,Achnanthales,Bacillariophycidae,Bacillariophyceae,Bacillariophytina,Diatomeae,Diatomista,4.8,2,3,1,0,0,0,0,0,0,0,0,3,1,ACHS,1 or 2,?,"derived from neighbor taxa littérature, websites or photos (e.g. TCC photos)",15,3.5,1.447619048,76,1,Omnidia,4.285714286,1.262389655,2.183106733,Biovolume of ADMI,"F. E. Round, R. M. Crawford, and D. G. Mann. The diatoms. Biology, morphology of the genera., 1990. 747 pages. + personnal observations on cultures + F. Rimet, L. Ector, H. M. Cauchie, and L. Hoffmann. Changes in diatom-dominated biofilms during simulated improvements in water quality: implications for diatom-based monitoring in rivers. Eur.J.Phycol. 44:567-577, 2009."
,,,,,,,,,,,,,,,,,,,,,,,,,,,,,,,,,,,,,,,,,,,,,,,,,,,,,,,,,,,,,,,,,,,,,,,,,,,,,,,,,,,
,,,,,,,,,,,,,,,,,,,,,,,,,,,,,,,,,,,,,,Achnanthales,Bacillariophyceae,Bacillariophyta,Chromobiota,Chromista,Eukaryota,,"Bory, 1822",Frederic RIMET,4/15/20,Achnanthaceae,Achnanthales,Bacillariophycidae,Bacillariophyceae,Bacillariophytina,Diatomeae,Diatomista,,,,,,,,,,,,,,,ACHS,1 or 2,?,"derived from neighbor taxa littérature, websites or photos (e.g. TCC photos)",15,3.5,1.447619048,76,1,Omnidia,4.285714286,1.262389655,2.183106733,Biovolume of ADMI,"F. E. Round, R. M. Crawford, and D. G. Mann. The diatoms. Biology, morphology of the genera., 1990. 747 pages. + personnal observations on cultures + F. Rimet, L. Ector, H. M. Cauchie, and L. Hoffmann. Changes in diatom-dominated biofilms during simulated improvements in water quality: implications for diatom-based monitoring in rivers. Eur.J.Phycol. 44:567-577, 2009."